,,,,,Sensor_Package_Name,Sensor_Package_Name,Sensor_Package_Name,Sensor_Package_Name,Sensor_Package_Name
,,,,,AirBeam3:0cb815a920b8,AirBeam3:0cb815a920b8,AirBeam3:0cb815a920b8,AirBeam3:0cb815a920b8,AirBeam3:0cb815a920b8
,,,,,Sensor_Name,Sensor_Name,Sensor_Name,Sensor_Name,Sensor_Name
,,,,,AirBeam3-F,AirBeam3-PM1,AirBeam3-PM10,AirBeam3-PM2.5,AirBeam3-RH
,,,,,Measurement_Type,Measurement_Type,Measurement_Type,Measurement_Type,Measurement_Type
,,,,,Temperature,Particulate Matter,Particulate Matter,Particulate Matter,Humidity
,,,,,Measurement_Units,Measurement_Units,Measurement_Units,Measurement_Units,Measurement_Units
,,,,,degrees Fahrenheit,micrograms per cubic meter,micrograms per cubic meter,micrograms per cubic meter,percent
ObjectID,Session_Name,Timestamp,Latitude,Longitude,1:Measurement_Value,2:Measurement_Value,3:Measurement_Value,4:Measurement_Value,5:Measurement_Value
1,Africa Clean Air Forum Pretoria Run,2026-07-13T07:15:35.000,-25.751335675,28.260789016,66.0,31.0,49.0,34.0,55.0
2,Africa Clean Air Forum Pretoria Run,2026-07-13T07:15:36.000,-25.751335675,28.260789016,68.0,31.0,49.0,34.0,52.0
3,Africa Clean Air Forum Pretoria Run,2026-07-13T07:15:37.000,-25.751333199,28.260791098,68.0,38.0,66.0,43.0,52.0
4,Africa Clean Air Forum Pretoria Run,2026-07-13T07:15:38.000,-25.751333199,28.260791098,68.0,38.0,66.0,43.0,52.0
5,Africa Clean Air Forum Pretoria Run,2026-07-13T07:15:39.000,-25.751335267,28.260789744,68.0,40.0,73.0,46.0,52.0
6,Africa Clean Air Forum Pretoria Run,2026-07-13T07:15:40.000,-25.751335267,28.260789744,68.0,40.0,73.0,46.0,52.0
7,Africa Clean Air Forum Pretoria Run,2026-07-13T07:15:41.000,-25.751337827,28.260787323,68.0,40.0,73.0,46.0,52.0
8,Africa Clean Air Forum Pretoria Run,2026-07-13T07:15:42.000,-25.751337827,28.260787323,68.0,40.0,73.0,46.0,52.0
9,Africa Clean Air Forum Pretoria Run,2026-07-13T07:15:43.000,-25.751339489,28.260786041,68.0,40.0,73.0,46.0,52.0
10,Africa Clean Air Forum Pretoria Run,2026-07-13T07:15:44.000,-25.751339489,28.260786041,68.0,38.0,66.0,43.0,52.0
11,Africa Clean Air Forum Pretoria Run,2026-07-13T07:15:53.000,-25.751343473,28.260784939,68.0,30.0,47.0,33.0,52.0
12,Africa Clean Air Forum Pretoria Run,2026-07-13T07:15:55.000,-25.751343711,28.2607853,68.0,37.0,63.0,41.0,52.0
13,Africa Clean Air Forum Pretoria Run,2026-07-13T07:15:57.000,-25.751343548,28.260785385,68.0,40.0,73.0,46.0,52.0
14,Africa Clean Air Forum Pretoria Run,2026-07-13T07:15:58.000,-25.751346634,28.260785198,68.0,38.0,66.0,43.0,52.0
15,Africa Clean Air Forum Pretoria Run,2026-07-13T07:16:00.000,-25.751347044,28.260784562,68.0,35.0,60.0,39.0,52.0
16,Africa Clean Air Forum Pretoria Run,2026-07-13T07:16:02.000,-25.751347713,28.260783415,68.0,26.0,37.0,28.0,52.0
17,Africa Clean Air Forum Pretoria Run,2026-07-13T07:16:04.000,-25.751348157,28.260782978,68.0,28.0,42.0,30.0,52.0
18,Africa Clean Air Forum Pretoria Run,2026-07-13T07:16:06.000,-25.751350032,28.260781942,68.0,28.0,42.0,30.0,52.0
19,Africa Clean Air Forum Pretoria Run,2026-07-13T07:16:08.000,-25.751349865,28.260780593,68.0,30.0,47.0,33.0,52.0
20,Africa Clean Air Forum Pretoria Run,2026-07-13T07:16:10.000,-25.751350223,28.260779731,68.0,33.0,54.0,36.0,52.0
21,Africa Clean Air Forum Pretoria Run,2026-07-13T07:16:12.000,-25.751349831,28.260777568,68.0,35.0,60.0,39.0,52.0
22,Africa Clean Air Forum Pretoria Run,2026-07-13T07:16:13.000,-25.751352987,28.260773709,68.0,35.0,60.0,39.0,52.0
23,Africa Clean Air Forum Pretoria Run,2026-07-13T07:16:15.000,-25.751359121,28.260774177,68.0,37.0,63.0,41.0,52.0
24,Africa Clean Air Forum Pretoria Run,2026-07-13T07:16:17.000,-25.751364857,28.260772244,68.0,38.0,66.0,43.0,52.0
25,Africa Clean Air Forum Pretoria Run,2026-07-13T07:16:19.000,-25.751365696,28.260771526,68.0,40.0,73.0,46.0,52.0
26,Africa Clean Air Forum Pretoria Run,2026-07-13T07:16:21.000,-25.75136594,28.260772769,68.0,38.0,66.0,43.0,52.0
27,Africa Clean Air Forum Pretoria Run,2026-07-13T07:16:22.000,-25.751364647,28.260774814,68.0,38.0,66.0,43.0,52.0
28,Africa Clean Air Forum Pretoria Run,2026-07-13T07:16:23.000,-25.751364935,28.26077664,68.0,38.0,66.0,43.0,52.0
29,Africa Clean Air Forum Pretoria Run,2026-07-13T07:16:24.000,-25.751366053,28.260775819,68.0,38.0,66.0,43.0,52.0
30,Africa Clean Air Forum Pretoria Run,2026-07-13T07:16:25.000,-25.751368666,28.260776577,68.0,38.0,66.0,43.0,52.0
31,Africa Clean Air Forum Pretoria Run,2026-07-13T07:16:27.000,-25.751375058,28.260766713,68.0,38.0,66.0,43.0,52.0
32,Africa Clean Air Forum Pretoria Run,2026-07-13T07:16:28.000,-25.75138655,28.260766097,68.0,38.0,66.0,43.0,52.0
33,Africa Clean Air Forum Pretoria Run,2026-07-13T07:16:30.000,-25.7513935,28.260771834,68.0,38.0,66.0,43.0,52.0
34,Africa Clean Air Forum Pretoria Run,2026-07-13T07:16:32.000,-25.751392987,28.260769975,68.0,38.0,66.0,43.0,51.0
35,Africa Clean Air Forum Pretoria Run,2026-07-13T07:16:34.000,-25.751392632,28.260769731,68.0,38.0,66.0,43.0,52.0
36,Africa Clean Air Forum Pretoria Run,2026-07-13T07:16:36.000,-25.751391264,28.260768515,68.0,38.0,66.0,43.0,52.0
37,Africa Clean Air Forum Pretoria Run,2026-07-13T07:16:38.000,-25.751390769,28.260767832,68.0,40.0,73.0,46.0,52.0
38,Africa Clean Air Forum Pretoria Run,2026-07-13T07:16:40.000,-25.751390945,28.260770799,68.0,38.0,66.0,43.0,52.0
39,Africa Clean Air Forum Pretoria Run,2026-07-13T07:16:42.000,-25.751393366,28.260778101,68.0,35.0,60.0,39.0,52.0
40,Africa Clean Air Forum Pretoria Run,2026-07-13T07:16:43.000,-25.751396918,28.260785552,68.0,37.0,63.0,41.0,52.0
41,Africa Clean Air Forum Pretoria Run,2026-07-13T07:16:45.000,-25.751394725,28.260778834,68.0,35.0,60.0,39.0,52.0
42,Africa Clean Air Forum Pretoria Run,2026-07-13T07:16:47.000,-25.751395849,28.260773078,68.0,38.0,66.0,43.0,52.0
43,Africa Clean Air Forum Pretoria Run,2026-07-13T07:16:49.000,-25.751392763,28.260757088,68.0,38.0,66.0,43.0,52.0
44,Africa Clean Air Forum Pretoria Run,2026-07-13T07:16:51.000,-25.751376668,28.26074622,68.0,37.0,63.0,41.0,52.0
45,Africa Clean Air Forum Pretoria Run,2026-07-13T07:16:53.000,-25.751351636,28.260730991,68.0,40.0,73.0,46.0,52.0
46,Africa Clean Air Forum Pretoria Run,2026-07-13T07:16:55.000,-25.751353872,28.260696615,68.0,40.0,73.0,46.0,52.0
47,Africa Clean Air Forum Pretoria Run,2026-07-13T07:16:57.000,-25.751354092,28.260658093,68.0,43.0,79.0,49.0,52.0
48,Africa Clean Air Forum Pretoria Run,2026-07-13T07:16:58.000,-25.751354953,28.260643808,68.0,45.0,85.0,52.0,52.0
49,Africa Clean Air Forum Pretoria Run,2026-07-13T07:17:00.000,-25.751357679,28.260612866,68.0,45.0,85.0,52.0,52.0
50,Africa Clean Air Forum Pretoria Run,2026-07-13T07:17:02.000,-25.751356555,28.260591674,68.0,40.0,73.0,46.0,52.0
51,Africa Clean Air Forum Pretoria Run,2026-07-13T07:17:04.000,-25.751361796,28.260564215,68.0,38.0,66.0,43.0,52.0
52,Africa Clean Air Forum Pretoria Run,2026-07-13T07:17:06.000,-25.751365968,28.260538017,68.0,40.0,73.0,46.0,52.0
53,Africa Clean Air Forum Pretoria Run,2026-07-13T07:17:08.000,-25.751369059,28.260525458,68.0,40.0,73.0,46.0,52.0
54,Africa Clean Air Forum Pretoria Run,2026-07-13T07:17:10.000,-25.751372452,28.26051416,68.0,40.0,,,
55,Africa Clean Air Forum Pretoria Run,2026-07-13T07:17:10.000,-25.751371248,28.260511,,,66.0,,
56,Africa Clean Air Forum Pretoria Run,2026-07-13T07:17:10.000,-25.751372452,28.26051416,,,,46.0,52.0
57,Africa Clean Air Forum Pretoria Run,2026-07-13T07:17:12.000,-25.751367327,28.260509781,68.0,38.0,66.0,43.0,52.0
58,Africa Clean Air Forum Pretoria Run,2026-07-13T07:17:13.000,-25.751359935,28.260506534,68.0,,,,
59,Africa Clean Air Forum Pretoria Run,2026-07-13T07:17:13.000,-25.751362713,28.260509915,,40.0,,,
60,Africa Clean Air Forum Pretoria Run,2026-07-13T07:17:13.000,-25.751359935,28.260506534,,,73.0,,
61,Africa Clean Air Forum Pretoria Run,2026-07-13T07:17:13.000,-25.751362713,28.260509915,,,,46.0,
62,Africa Clean Air Forum Pretoria Run,2026-07-13T07:17:13.000,-25.751359935,28.260506534,,,,,52.0
63,Africa Clean Air Forum Pretoria Run,2026-07-13T07:17:15.000,-25.751358539,28.260486488,68.0,40.0,73.0,46.0,52.0
64,Africa Clean Air Forum Pretoria Run,2026-07-13T07:17:17.000,-25.751358338,28.260473638,68.0,,,,
65,Africa Clean Air Forum Pretoria Run,2026-07-13T07:17:17.000,-25.75136016,28.260454881,,38.0,,,
66,Africa Clean Air Forum Pretoria Run,2026-07-13T07:17:17.000,-25.751358338,28.260473638,,,73.0,46.0,
67,Africa Clean Air Forum Pretoria Run,2026-07-13T07:17:17.000,-25.75136016,28.260454881,,,,,52.0
68,Africa Clean Air Forum Pretoria Run,2026-07-13T07:17:19.000,-25.751360477,28.260441846,68.0,38.0,66.0,43.0,52.0
69,Africa Clean Air Forum Pretoria Run,2026-07-13T07:17:21.000,-25.751357339,28.260407318,68.0,38.0,66.0,43.0,52.0
70,Africa Clean Air Forum Pretoria Run,2026-07-13T07:17:23.000,-25.75134945,28.260388569,68.0,40.0,73.0,46.0,52.0
71,Africa Clean Air Forum Pretoria Run,2026-07-13T07:17:25.000,-25.751340353,28.260363451,68.0,38.0,66.0,43.0,52.0
72,Africa Clean Air Forum Pretoria Run,2026-07-13T07:17:27.000,-25.751333737,28.260332959,68.0,40.0,73.0,46.0,52.0
73,Africa Clean Air Forum Pretoria Run,2026-07-13T07:17:28.000,-25.751331888,28.26031793,68.0,40.0,73.0,46.0,52.0
74,Africa Clean Air Forum Pretoria Run,2026-07-13T07:17:29.000,-25.751326276,28.260293655,68.0,41.0,76.0,47.0,52.0
75,Africa Clean Air Forum Pretoria Run,2026-07-13T07:17:30.000,-25.751317267,28.260268287,68.0,43.0,79.0,49.0,52.0
76,Africa Clean Air Forum Pretoria Run,2026-07-13T07:17:31.000,-25.751317267,28.260268287,68.0,43.0,79.0,49.0,52.0
77,Africa Clean Air Forum Pretoria Run,2026-07-13T07:17:32.000,-25.751316634,28.260255566,67.0,40.0,73.0,46.0,52.0
78,Africa Clean Air Forum Pretoria Run,2026-07-13T07:17:33.000,-25.751315955,28.260242739,67.0,43.0,79.0,49.0,52.0
79,Africa Clean Air Forum Pretoria Run,2026-07-13T07:17:34.000,-25.751314946,28.26021505,67.0,40.0,73.0,46.0,52.0
80,Africa Clean Air Forum Pretoria Run,2026-07-13T07:17:35.000,-25.751314946,28.26021505,68.0,40.0,73.0,46.0,52.0
81,Africa Clean Air Forum Pretoria Run,2026-07-13T07:17:36.000,-25.751310479,28.260184084,67.0,40.0,73.0,46.0,52.0
82,Africa Clean Air Forum Pretoria Run,2026-07-13T07:17:37.000,-25.751310479,28.260184084,67.0,40.0,73.0,46.0,52.0
83,Africa Clean Air Forum Pretoria Run,2026-07-13T07:17:38.000,-25.751311851,28.260158426,67.0,40.0,73.0,46.0,52.0
84,Africa Clean Air Forum Pretoria Run,2026-07-13T07:17:39.000,-25.751311851,28.260158426,67.0,40.0,73.0,46.0,52.0
85,Africa Clean Air Forum Pretoria Run,2026-07-13T07:17:40.000,-25.751308403,28.26012767,67.0,39.0,69.0,44.0,52.0
86,Africa Clean Air Forum Pretoria Run,2026-07-13T07:17:41.000,-25.751308403,28.26012767,67.0,38.0,66.0,43.0,52.0
87,Africa Clean Air Forum Pretoria Run,2026-07-13T07:17:42.000,-25.751310671,28.260097855,67.0,40.0,73.0,46.0,52.0
88,Africa Clean Air Forum Pretoria Run,2026-07-13T07:17:43.000,-25.751310363,28.260084199,67.0,40.0,73.0,46.0,52.0
89,Africa Clean Air Forum Pretoria Run,2026-07-13T07:17:44.000,-25.751310363,28.260084199,67.0,38.0,66.0,43.0,52.0
90,Africa Clean Air Forum Pretoria Run,2026-07-13T07:17:45.000,-25.751307379,28.260068613,67.0,38.0,66.0,43.0,52.0
91,Africa Clean Air Forum Pretoria Run,2026-07-13T07:17:46.000,-25.751307379,28.260068613,67.0,38.0,66.0,43.0,52.0
92,Africa Clean Air Forum Pretoria Run,2026-07-13T07:17:47.000,-25.751306546,28.260044255,67.0,38.0,66.0,43.0,52.0
93,Africa Clean Air Forum Pretoria Run,2026-07-13T07:17:48.000,-25.751306546,28.260044255,67.0,38.0,66.0,43.0,52.0
94,Africa Clean Air Forum Pretoria Run,2026-07-13T07:17:49.000,-25.751305599,28.260021548,67.0,38.0,66.0,43.0,52.0
95,Africa Clean Air Forum Pretoria Run,2026-07-13T07:17:50.000,-25.751305599,28.260021548,67.0,38.0,66.0,43.0,52.0
96,Africa Clean Air Forum Pretoria Run,2026-07-13T07:17:51.000,-25.751304606,28.260000575,67.0,38.0,66.0,43.0,52.0
97,Africa Clean Air Forum Pretoria Run,2026-07-13T07:17:52.000,-25.751304606,28.260000575,67.0,38.0,66.0,43.0,52.0
98,Africa Clean Air Forum Pretoria Run,2026-07-13T07:17:53.000,-25.751305076,28.259981536,67.0,38.0,66.0,43.0,52.0
99,Africa Clean Air Forum Pretoria Run,2026-07-13T07:17:54.000,-25.751305076,28.259981536,67.0,38.0,66.0,43.0,52.0
100,Africa Clean Air Forum Pretoria Run,2026-07-13T07:17:55.000,-25.751302852,28.259957169,67.0,38.0,66.0,43.0,52.0
101,Africa Clean Air Forum Pretoria Run,2026-07-13T07:17:56.000,-25.751302852,28.259957169,67.0,38.0,66.0,43.0,52.0
102,Africa Clean Air Forum Pretoria Run,2026-07-13T07:17:57.000,-25.751304788,28.259933099,67.0,38.0,66.0,43.0,52.0
103,Africa Clean Air Forum Pretoria Run,2026-07-13T07:17:58.000,-25.751304788,28.259933099,67.0,38.0,66.0,43.0,52.0
104,Africa Clean Air Forum Pretoria Run,2026-07-13T07:17:59.000,-25.751306465,28.259921512,67.0,38.0,66.0,43.0,52.0
105,Africa Clean Air Forum Pretoria Run,2026-07-13T07:18:00.000,-25.751306262,28.259902508,67.0,38.0,66.0,43.0,52.0
106,Africa Clean Air Forum Pretoria Run,2026-07-13T07:18:01.000,-25.751306262,28.259902508,67.0,38.0,66.0,43.0,52.0
107,Africa Clean Air Forum Pretoria Run,2026-07-13T07:18:02.000,-25.751306786,28.259882146,67.0,38.0,66.0,43.0,52.0
108,Africa Clean Air Forum Pretoria Run,2026-07-13T07:18:03.000,-25.751306786,28.259882146,67.0,38.0,66.0,43.0,52.0
109,Africa Clean Air Forum Pretoria Run,2026-07-13T07:18:04.000,-25.751303153,28.259862078,67.0,38.0,66.0,43.0,52.0
110,Africa Clean Air Forum Pretoria Run,2026-07-13T07:18:05.000,-25.751303153,28.259862078,67.0,38.0,66.0,43.0,52.0
111,Africa Clean Air Forum Pretoria Run,2026-07-13T07:18:06.000,-25.751303623,28.259841298,67.0,38.0,66.0,43.0,52.0
112,Africa Clean Air Forum Pretoria Run,2026-07-13T07:18:07.000,-25.751303623,28.259841298,67.0,38.0,66.0,43.0,52.0
113,Africa Clean Air Forum Pretoria Run,2026-07-13T07:18:08.000,-25.751302741,28.259820143,67.0,40.0,73.0,46.0,52.0
114,Africa Clean Air Forum Pretoria Run,2026-07-13T07:18:09.000,-25.751302741,28.259820143,67.0,39.0,69.0,44.0,52.0
115,Africa Clean Air Forum Pretoria Run,2026-07-13T07:18:10.000,-25.75130067,28.259800226,67.0,38.0,66.0,43.0,52.0
116,Africa Clean Air Forum Pretoria Run,2026-07-13T07:18:11.000,-25.75130067,28.259800226,67.0,35.0,60.0,39.0,52.0
117,Africa Clean Air Forum Pretoria Run,2026-07-13T07:18:12.000,-25.751298929,28.259782928,67.0,35.0,60.0,39.0,52.0
118,Africa Clean Air Forum Pretoria Run,2026-07-13T07:18:13.000,-25.751298987,28.259771611,67.0,35.0,60.0,39.0,52.0
119,Africa Clean Air Forum Pretoria Run,2026-07-13T07:18:14.000,-25.751298987,28.259771611,67.0,35.0,60.0,39.0,52.0
120,Africa Clean Air Forum Pretoria Run,2026-07-13T07:18:15.000,-25.751294693,28.259754053,67.0,35.0,60.0,39.0,52.0
121,Africa Clean Air Forum Pretoria Run,2026-07-13T07:18:16.000,-25.751294693,28.259754053,67.0,35.0,60.0,39.0,52.0
122,Africa Clean Air Forum Pretoria Run,2026-07-13T07:18:17.000,-25.751296183,28.259734736,67.0,35.0,60.0,39.0,52.0
123,Africa Clean Air Forum Pretoria Run,2026-07-13T07:18:18.000,-25.751296183,28.259734736,67.0,35.0,60.0,39.0,52.0
124,Africa Clean Air Forum Pretoria Run,2026-07-13T07:18:19.000,-25.75129562,28.259716142,67.0,35.0,60.0,39.0,52.0
125,Africa Clean Air Forum Pretoria Run,2026-07-13T07:18:20.000,-25.75129562,28.259716142,67.0,35.0,60.0,39.0,52.0
126,Africa Clean Air Forum Pretoria Run,2026-07-13T07:18:21.000,-25.751295521,28.259694573,67.0,38.0,66.0,43.0,53.0
127,Africa Clean Air Forum Pretoria Run,2026-07-13T07:18:22.000,-25.751295521,28.259694573,67.0,38.0,66.0,43.0,53.0
128,Africa Clean Air Forum Pretoria Run,2026-07-13T07:18:23.000,-25.751299232,28.25967492,67.0,38.0,66.0,43.0,53.0
129,Africa Clean Air Forum Pretoria Run,2026-07-13T07:18:24.000,-25.751299232,28.25967492,67.0,38.0,66.0,43.0,53.0
130,Africa Clean Air Forum Pretoria Run,2026-07-13T07:18:25.000,-25.75130175,28.259651076,67.0,38.0,66.0,43.0,53.0
131,Africa Clean Air Forum Pretoria Run,2026-07-13T07:18:26.000,-25.75130175,28.259651076,67.0,35.0,60.0,39.0,53.0
132,Africa Clean Air Forum Pretoria Run,2026-07-13T07:18:27.000,-25.75130576,28.25962866,67.0,35.0,60.0,39.0,53.0
133,Africa Clean Air Forum Pretoria Run,2026-07-13T07:18:28.000,-25.75130593,28.259616103,67.0,40.0,73.0,46.0,53.0
134,Africa Clean Air Forum Pretoria Run,2026-07-13T07:18:29.000,-25.75130593,28.259616103,67.0,40.0,73.0,46.0,53.0
135,Africa Clean Air Forum Pretoria Run,2026-07-13T07:18:30.000,-25.751304137,28.259594372,67.0,40.0,73.0,46.0,53.0
136,Africa Clean Air Forum Pretoria Run,2026-07-13T07:18:31.000,-25.751304137,28.259594372,67.0,40.0,73.0,46.0,53.0
137,Africa Clean Air Forum Pretoria Run,2026-07-13T07:18:32.000,-25.751304316,28.259574392,67.0,43.0,79.0,49.0,53.0
138,Africa Clean Air Forum Pretoria Run,2026-07-13T07:18:33.000,-25.751304316,28.259574392,67.0,43.0,79.0,49.0,53.0
139,Africa Clean Air Forum Pretoria Run,2026-07-13T07:18:34.000,-25.751303897,28.259554838,67.0,43.0,79.0,49.0,53.0
140,Africa Clean Air Forum Pretoria Run,2026-07-13T07:18:35.000,-25.751303897,28.259554838,67.0,43.0,79.0,49.0,53.0
141,Africa Clean Air Forum Pretoria Run,2026-07-13T07:18:36.000,-25.75130548,28.259530409,67.0,43.0,79.0,49.0,53.0
142,Africa Clean Air Forum Pretoria Run,2026-07-13T07:18:37.000,-25.751303393,28.259516372,67.0,45.0,85.0,52.0,53.0
143,Africa Clean Air Forum Pretoria Run,2026-07-13T07:18:38.000,-25.75129748,28.259500673,67.0,45.0,85.0,52.0,53.0
144,Africa Clean Air Forum Pretoria Run,2026-07-13T07:18:39.000,-25.75129748,28.259500673,67.0,43.0,79.0,49.0,53.0
145,Africa Clean Air Forum Pretoria Run,2026-07-13T07:18:40.000,-25.751295487,28.259494219,67.0,43.0,79.0,49.0,53.0
146,Africa Clean Air Forum Pretoria Run,2026-07-13T07:18:41.000,-25.751292876,28.259501237,67.0,43.0,79.0,49.0,53.0
147,Africa Clean Air Forum Pretoria Run,2026-07-13T07:18:42.000,-25.751290347,28.259507808,67.0,43.0,79.0,49.0,53.0
148,Africa Clean Air Forum Pretoria Run,2026-07-13T07:18:43.000,-25.751286453,28.259514482,67.0,43.0,79.0,49.0,53.0
149,Africa Clean Air Forum Pretoria Run,2026-07-13T07:18:44.000,-25.751286453,28.259514482,67.0,40.0,73.0,46.0,53.0
150,Africa Clean Air Forum Pretoria Run,2026-07-13T07:18:45.000,-25.75128479,28.259524109,67.0,40.0,73.0,46.0,53.0
151,Africa Clean Air Forum Pretoria Run,2026-07-13T07:18:46.000,-25.751281929,28.259524153,67.0,38.0,66.0,43.0,53.0
152,Africa Clean Air Forum Pretoria Run,2026-07-13T07:18:47.000,-25.751280364,28.259526784,67.0,38.0,66.0,43.0,53.0
153,Africa Clean Air Forum Pretoria Run,2026-07-13T07:18:48.000,-25.751280364,28.259526784,67.0,38.0,66.0,43.0,53.0
154,Africa Clean Air Forum Pretoria Run,2026-07-13T07:18:49.000,-25.751278161,28.259523904,67.0,38.0,66.0,43.0,53.0
155,Africa Clean Air Forum Pretoria Run,2026-07-13T07:18:50.000,-25.75127828,28.259517575,67.0,38.0,66.0,43.0,53.0
156,Africa Clean Air Forum Pretoria Run,2026-07-13T07:18:51.000,-25.751278369,28.259504702,67.0,38.0,66.0,43.0,53.0
157,Africa Clean Air Forum Pretoria Run,2026-07-13T07:18:52.000,-25.751281075,28.259490275,67.0,35.0,60.0,39.0,53.0
158,Africa Clean Air Forum Pretoria Run,2026-07-13T07:18:53.000,-25.751283554,28.25947796,67.0,38.0,66.0,43.0,53.0
159,Africa Clean Air Forum Pretoria Run,2026-07-13T07:18:54.000,-25.751283554,28.25947796,67.0,38.0,66.0,43.0,53.0
160,Africa Clean Air Forum Pretoria Run,2026-07-13T07:18:55.000,-25.751289087,28.259461582,67.0,40.0,73.0,46.0,53.0
161,Africa Clean Air Forum Pretoria Run,2026-07-13T07:18:56.000,-25.751288009,28.259458229,67.0,43.0,79.0,49.0,53.0
162,Africa Clean Air Forum Pretoria Run,2026-07-13T07:18:57.000,-25.75129352,28.259443089,67.0,43.0,79.0,49.0,53.0
163,Africa Clean Air Forum Pretoria Run,2026-07-13T07:18:58.000,-25.75129473,28.259435146,67.0,38.0,66.0,43.0,53.0
164,Africa Clean Air Forum Pretoria Run,2026-07-13T07:18:59.000,-25.75129473,28.259435146,67.0,37.0,63.0,41.0,53.0
165,Africa Clean Air Forum Pretoria Run,2026-07-13T07:19:00.000,-25.751293225,28.259433643,67.0,38.0,66.0,43.0,53.0
166,Africa Clean Air Forum Pretoria Run,2026-07-13T07:19:01.000,-25.751293961,28.259430377,67.0,40.0,73.0,46.0,53.0
167,Africa Clean Air Forum Pretoria Run,2026-07-13T07:19:02.000,-25.751297817,28.259417822,67.0,40.0,73.0,46.0,53.0
168,Africa Clean Air Forum Pretoria Run,2026-07-13T07:19:03.000,-25.751302338,28.259403752,67.0,38.0,66.0,43.0,53.0
169,Africa Clean Air Forum Pretoria Run,2026-07-13T07:19:04.000,-25.751299048,28.259387989,67.0,38.0,66.0,43.0,53.0
170,Africa Clean Air Forum Pretoria Run,2026-07-13T07:19:05.000,-25.751297432,28.259379481,67.0,38.0,66.0,43.0,53.0
171,Africa Clean Air Forum Pretoria Run,2026-07-13T07:19:06.000,-25.751299497,28.259367675,67.0,35.0,60.0,39.0,53.0
172,Africa Clean Air Forum Pretoria Run,2026-07-13T07:19:07.000,-25.75129923,28.259357728,67.0,38.0,66.0,43.0,53.0
173,Africa Clean Air Forum Pretoria Run,2026-07-13T07:19:08.000,-25.751299838,28.259347627,67.0,38.0,66.0,43.0,53.0
174,Africa Clean Air Forum Pretoria Run,2026-07-13T07:19:09.000,-25.751302767,28.259333061,67.0,38.0,66.0,43.0,53.0
175,Africa Clean Air Forum Pretoria Run,2026-07-13T07:19:10.000,-25.751304882,28.259320655,67.0,35.0,60.0,39.0,53.0
176,Africa Clean Air Forum Pretoria Run,2026-07-13T07:19:11.000,-25.751305587,28.259309674,67.0,35.0,60.0,39.0,53.0
177,Africa Clean Air Forum Pretoria Run,2026-07-13T07:19:12.000,-25.75130563,28.259298849,67.0,35.0,60.0,39.0,53.0
178,Africa Clean Air Forum Pretoria Run,2026-07-13T07:19:13.000,-25.751306971,28.259286118,67.0,35.0,60.0,39.0,53.0
179,Africa Clean Air Forum Pretoria Run,2026-07-13T07:19:14.000,-25.75130569,28.259274379,67.0,35.0,60.0,39.0,53.0
180,Africa Clean Air Forum Pretoria Run,2026-07-13T07:19:15.000,-25.751304538,28.259262894,67.0,38.0,66.0,43.0,53.0
181,Africa Clean Air Forum Pretoria Run,2026-07-13T07:19:16.000,-25.751303813,28.259251888,67.0,38.0,66.0,43.0,53.0
182,Africa Clean Air Forum Pretoria Run,2026-07-13T07:19:17.000,-25.751302825,28.259239542,67.0,38.0,66.0,43.0,53.0
183,Africa Clean Air Forum Pretoria Run,2026-07-13T07:19:18.000,-25.751303187,28.259229313,67.0,35.0,60.0,39.0,53.0
184,Africa Clean Air Forum Pretoria Run,2026-07-13T07:19:19.000,-25.751302499,28.259223781,67.0,35.0,60.0,39.0,53.0
185,Africa Clean Air Forum Pretoria Run,2026-07-13T07:19:20.000,-25.751301395,28.259220794,67.0,38.0,66.0,43.0,53.0
186,Africa Clean Air Forum Pretoria Run,2026-07-13T07:19:21.000,-25.751300472,28.259219863,67.0,38.0,66.0,43.0,53.0
187,Africa Clean Air Forum Pretoria Run,2026-07-13T07:19:22.000,-25.75129867,28.259218734,67.0,38.0,66.0,43.0,53.0
188,Africa Clean Air Forum Pretoria Run,2026-07-13T07:19:23.000,-25.751298509,28.259219052,67.0,38.0,66.0,43.0,53.0
189,Africa Clean Air Forum Pretoria Run,2026-07-13T07:19:24.000,-25.751298489,28.259219278,67.0,40.0,73.0,46.0,53.0
190,Africa Clean Air Forum Pretoria Run,2026-07-13T07:19:25.000,-25.751298489,28.259219278,67.0,39.0,69.0,44.0,53.0
191,Africa Clean Air Forum Pretoria Run,2026-07-13T07:19:26.000,-25.751297099,28.259216633,67.0,40.0,73.0,46.0,53.0
192,Africa Clean Air Forum Pretoria Run,2026-07-13T07:19:27.000,-25.751298129,28.259206715,67.0,43.0,79.0,49.0,53.0
193,Africa Clean Air Forum Pretoria Run,2026-07-13T07:19:28.000,-25.751298566,28.259191823,67.0,43.0,79.0,49.0,53.0
194,Africa Clean Air Forum Pretoria Run,2026-07-13T07:19:29.000,-25.75129686,28.259178191,67.0,40.0,73.0,46.0,53.0
195,Africa Clean Air Forum Pretoria Run,2026-07-13T07:19:30.000,-25.751295282,28.259171955,67.0,40.0,73.0,46.0,53.0
196,Africa Clean Air Forum Pretoria Run,2026-07-13T07:19:31.000,-25.751293972,28.259166817,67.0,43.0,79.0,49.0,53.0
197,Africa Clean Air Forum Pretoria Run,2026-07-13T07:19:32.000,-25.751292486,28.259166213,67.0,43.0,79.0,49.0,53.0
198,Africa Clean Air Forum Pretoria Run,2026-07-13T07:19:33.000,-25.75129464,28.259170791,67.0,43.0,79.0,49.0,53.0
199,Africa Clean Air Forum Pretoria Run,2026-07-13T07:19:34.000,-25.751289065,28.259183021,67.0,40.0,73.0,46.0,53.0
200,Africa Clean Air Forum Pretoria Run,2026-07-13T07:19:35.000,-25.751291958,28.259166039,67.0,38.0,66.0,43.0,53.0
201,Africa Clean Air Forum Pretoria Run,2026-07-13T07:19:36.000,-25.751297443,28.259149317,67.0,38.0,66.0,43.0,53.0
202,Africa Clean Air Forum Pretoria Run,2026-07-13T07:19:37.000,-25.751296867,28.259129531,67.0,38.0,66.0,43.0,53.0
203,Africa Clean Air Forum Pretoria Run,2026-07-13T07:19:38.000,-25.751284915,28.259115236,67.0,38.0,66.0,43.0,53.0
204,Africa Clean Air Forum Pretoria Run,2026-07-13T07:19:39.000,-25.751281451,28.259098778,67.0,38.0,66.0,43.0,53.0
205,Africa Clean Air Forum Pretoria Run,2026-07-13T07:19:40.000,-25.751283691,28.259091993,67.0,40.0,73.0,46.0,53.0
206,Africa Clean Air Forum Pretoria Run,2026-07-13T07:19:41.000,-25.751284946,28.25909187,67.0,40.0,73.0,46.0,53.0
207,Africa Clean Air Forum Pretoria Run,2026-07-13T07:19:42.000,-25.751287661,28.259083358,67.0,40.0,73.0,46.0,53.0
208,Africa Clean Air Forum Pretoria Run,2026-07-13T07:19:43.000,-25.751285691,28.259077352,67.0,38.0,66.0,43.0,53.0
209,Africa Clean Air Forum Pretoria Run,2026-07-13T07:19:44.000,-25.751284764,28.259075737,67.0,38.0,66.0,43.0,53.0
210,Africa Clean Air Forum Pretoria Run,2026-07-13T07:19:45.000,-25.75128537,28.259071018,67.0,38.0,66.0,43.0,53.0
211,Africa Clean Air Forum Pretoria Run,2026-07-13T07:19:46.000,-25.751287741,28.259065219,67.0,38.0,66.0,43.0,53.0
212,Africa Clean Air Forum Pretoria Run,2026-07-13T07:19:47.000,-25.751287972,28.259056078,67.0,38.0,66.0,43.0,53.0
213,Africa Clean Air Forum Pretoria Run,2026-07-13T07:19:48.000,-25.751284946,28.259048021,67.0,38.0,66.0,43.0,53.0
214,Africa Clean Air Forum Pretoria Run,2026-07-13T07:19:49.000,-25.751285467,28.259036387,67.0,40.0,73.0,46.0,53.0
215,Africa Clean Air Forum Pretoria Run,2026-07-13T07:19:50.000,-25.751284716,28.259027019,67.0,40.0,73.0,46.0,53.0
216,Africa Clean Air Forum Pretoria Run,2026-07-13T07:19:51.000,-25.751283071,28.259011955,67.0,40.0,73.0,46.0,53.0
217,Africa Clean Air Forum Pretoria Run,2026-07-13T07:19:52.000,-25.751285255,28.259002236,67.0,38.0,66.0,43.0,53.0
218,Africa Clean Air Forum Pretoria Run,2026-07-13T07:19:53.000,-25.751286263,28.258999069,67.0,38.0,66.0,43.0,53.0
219,Africa Clean Air Forum Pretoria Run,2026-07-13T07:19:54.000,-25.751280064,28.258988953,67.0,38.0,66.0,43.0,53.0
220,Africa Clean Air Forum Pretoria Run,2026-07-13T07:19:55.000,-25.751269005,28.258972108,67.0,40.0,73.0,46.0,53.0
221,Africa Clean Air Forum Pretoria Run,2026-07-13T07:19:56.000,-25.751269676,28.258962574,67.0,40.0,73.0,46.0,53.0
222,Africa Clean Air Forum Pretoria Run,2026-07-13T07:19:57.000,-25.751269274,28.2589666,67.0,40.0,73.0,46.0,53.0
223,Africa Clean Air Forum Pretoria Run,2026-07-13T07:19:58.000,-25.751262267,28.258958378,67.0,40.0,73.0,46.0,53.0
224,Africa Clean Air Forum Pretoria Run,2026-07-13T07:19:59.000,-25.751258606,28.258956305,67.0,40.0,73.0,46.0,53.0
225,Africa Clean Air Forum Pretoria Run,2026-07-13T07:20:00.000,-25.751258928,28.258960106,67.0,40.0,73.0,46.0,53.0
226,Africa Clean Air Forum Pretoria Run,2026-07-13T07:20:01.000,-25.751258784,28.258962359,67.0,38.0,66.0,43.0,53.0
227,Africa Clean Air Forum Pretoria Run,2026-07-13T07:20:02.000,-25.751259696,28.2589654,67.0,38.0,66.0,43.0,53.0
228,Africa Clean Air Forum Pretoria Run,2026-07-13T07:20:03.000,-25.751261398,28.25896973,67.0,38.0,66.0,43.0,53.0
229,Africa Clean Air Forum Pretoria Run,2026-07-13T07:20:04.000,-25.751261249,28.258962728,67.0,35.0,60.0,39.0,54.0
230,Africa Clean Air Forum Pretoria Run,2026-07-13T07:20:05.000,-25.75126143,28.258953652,67.0,38.0,66.0,43.0,54.0
231,Africa Clean Air Forum Pretoria Run,2026-07-13T07:20:06.000,-25.751260638,28.258942815,67.0,38.0,66.0,43.0,54.0
232,Africa Clean Air Forum Pretoria Run,2026-07-13T07:20:07.000,-25.751262013,28.258938315,67.0,38.0,66.0,43.0,54.0
233,Africa Clean Air Forum Pretoria Run,2026-07-13T07:20:08.000,-25.751260681,28.258933572,67.0,38.0,66.0,43.0,54.0
234,Africa Clean Air Forum Pretoria Run,2026-07-13T07:20:09.000,-25.751264393,28.25891475,67.0,38.0,66.0,43.0,53.0
235,Africa Clean Air Forum Pretoria Run,2026-07-13T07:20:10.000,-25.751267117,28.258909028,67.0,40.0,73.0,46.0,54.0
236,Africa Clean Air Forum Pretoria Run,2026-07-13T07:20:11.000,-25.751265545,28.258902092,67.0,40.0,73.0,46.0,53.0
237,Africa Clean Air Forum Pretoria Run,2026-07-13T07:20:12.000,-25.751266127,28.258893664,67.0,41.0,76.0,47.0,53.0
238,Africa Clean Air Forum Pretoria Run,2026-07-13T07:20:13.000,-25.751267175,28.258882505,67.0,38.0,66.0,43.0,53.0
239,Africa Clean Air Forum Pretoria Run,2026-07-13T07:20:14.000,-25.751269866,28.258876414,67.0,38.0,66.0,43.0,53.0
240,Africa Clean Air Forum Pretoria Run,2026-07-13T07:20:15.000,-25.75127224,28.258877037,67.0,40.0,73.0,46.0,53.0
241,Africa Clean Air Forum Pretoria Run,2026-07-13T07:20:16.000,-25.751273175,28.258869376,67.0,40.0,73.0,46.0,53.0
242,Africa Clean Air Forum Pretoria Run,2026-07-13T07:20:17.000,-25.751267587,28.25885699,67.0,40.0,73.0,46.0,53.0
243,Africa Clean Air Forum Pretoria Run,2026-07-13T07:20:18.000,-25.751266078,28.258846041,67.0,40.0,73.0,46.0,53.0
244,Africa Clean Air Forum Pretoria Run,2026-07-13T07:20:19.000,-25.751264295,28.258841515,67.0,38.0,66.0,43.0,53.0
245,Africa Clean Air Forum Pretoria Run,2026-07-13T07:20:20.000,-25.751264368,28.25883338,67.0,38.0,66.0,43.0,53.0
246,Africa Clean Air Forum Pretoria Run,2026-07-13T07:20:21.000,-25.751264667,28.258826819,67.0,38.0,66.0,43.0,53.0
247,Africa Clean Air Forum Pretoria Run,2026-07-13T07:20:22.000,-25.751263246,28.258819745,67.0,38.0,66.0,43.0,53.0
248,Africa Clean Air Forum Pretoria Run,2026-07-13T07:20:23.000,-25.751264021,28.258813006,67.0,38.0,66.0,43.0,53.0
249,Africa Clean Air Forum Pretoria Run,2026-07-13T07:20:24.000,-25.751265778,28.258802623,67.0,35.0,60.0,39.0,53.0
250,Africa Clean Air Forum Pretoria Run,2026-07-13T07:20:25.000,-25.751267364,28.25879635,67.0,35.0,60.0,39.0,54.0
251,Africa Clean Air Forum Pretoria Run,2026-07-13T07:20:26.000,-25.751268984,28.258786795,67.0,35.0,60.0,39.0,54.0
252,Africa Clean Air Forum Pretoria Run,2026-07-13T07:20:27.000,-25.751270439,28.258779495,67.0,35.0,60.0,39.0,54.0
253,Africa Clean Air Forum Pretoria Run,2026-07-13T07:20:28.000,-25.75127126,28.258768814,67.0,38.0,66.0,43.0,54.0
254,Africa Clean Air Forum Pretoria Run,2026-07-13T07:20:29.000,-25.751272293,28.258760406,67.0,38.0,66.0,43.0,54.0
255,Africa Clean Air Forum Pretoria Run,2026-07-13T07:20:30.000,-25.751272492,28.258751521,67.0,38.0,66.0,43.0,54.0
256,Africa Clean Air Forum Pretoria Run,2026-07-13T07:20:31.000,-25.751273135,28.25874335,67.0,38.0,66.0,43.0,54.0
257,Africa Clean Air Forum Pretoria Run,2026-07-13T07:20:32.000,-25.751274222,28.258733911,67.0,38.0,66.0,43.0,54.0
258,Africa Clean Air Forum Pretoria Run,2026-07-13T07:20:33.000,-25.751275684,28.258725614,67.0,38.0,66.0,43.0,54.0
259,Africa Clean Air Forum Pretoria Run,2026-07-13T07:20:34.000,-25.751276273,28.258715388,67.0,38.0,66.0,43.0,54.0
260,Africa Clean Air Forum Pretoria Run,2026-07-13T07:20:35.000,-25.751276717,28.25870336,67.0,38.0,66.0,43.0,54.0
261,Africa Clean Air Forum Pretoria Run,2026-07-13T07:20:36.000,-25.751275358,28.258692806,67.0,38.0,66.0,43.0,54.0
262,Africa Clean Air Forum Pretoria Run,2026-07-13T07:20:37.000,-25.751274649,28.258681333,67.0,35.0,60.0,39.0,54.0
263,Africa Clean Air Forum Pretoria Run,2026-07-13T07:20:38.000,-25.751274469,28.258667818,67.0,35.0,60.0,39.0,54.0
264,Africa Clean Air Forum Pretoria Run,2026-07-13T07:20:39.000,-25.751275847,28.258656999,67.0,37.0,63.0,41.0,54.0
265,Africa Clean Air Forum Pretoria Run,2026-07-13T07:20:40.000,-25.751277197,28.258644965,67.0,38.0,66.0,43.0,54.0
266,Africa Clean Air Forum Pretoria Run,2026-07-13T07:20:41.000,-25.751279474,28.2586331,67.0,38.0,66.0,43.0,54.0
267,Africa Clean Air Forum Pretoria Run,2026-07-13T07:20:42.000,-25.751279338,28.258623171,67.0,38.0,66.0,43.0,54.0
268,Africa Clean Air Forum Pretoria Run,2026-07-13T07:20:43.000,-25.751276206,28.258610304,67.0,38.0,66.0,43.0,54.0
269,Africa Clean Air Forum Pretoria Run,2026-07-13T07:20:44.000,-25.751273809,28.258598682,67.0,38.0,66.0,43.0,53.0
270,Africa Clean Air Forum Pretoria Run,2026-07-13T07:20:45.000,-25.751275346,28.258587727,67.0,35.0,60.0,39.0,53.0
271,Africa Clean Air Forum Pretoria Run,2026-07-13T07:20:46.000,-25.751276261,28.258578985,67.0,38.0,66.0,43.0,53.0
272,Africa Clean Air Forum Pretoria Run,2026-07-13T07:20:47.000,-25.751275313,28.258567243,67.0,38.0,66.0,43.0,53.0
273,Africa Clean Air Forum Pretoria Run,2026-07-13T07:20:48.000,-25.751274531,28.258555661,67.0,38.0,66.0,43.0,53.0
274,Africa Clean Air Forum Pretoria Run,2026-07-13T07:20:49.000,-25.751274081,28.258544514,67.0,38.0,66.0,43.0,53.0
275,Africa Clean Air Forum Pretoria Run,2026-07-13T07:20:50.000,-25.751273877,28.258531917,67.0,38.0,66.0,43.0,53.0
276,Africa Clean Air Forum Pretoria Run,2026-07-13T07:20:51.000,-25.751271586,28.258521655,67.0,40.0,73.0,46.0,53.0
277,Africa Clean Air Forum Pretoria Run,2026-07-13T07:20:52.000,-25.751273187,28.258509367,67.0,40.0,73.0,46.0,53.0
278,Africa Clean Air Forum Pretoria Run,2026-07-13T07:20:53.000,-25.751274388,28.258498226,67.0,40.0,73.0,46.0,53.0
279,Africa Clean Air Forum Pretoria Run,2026-07-13T07:20:54.000,-25.751275424,28.25848708,67.0,40.0,73.0,46.0,53.0
280,Africa Clean Air Forum Pretoria Run,2026-07-13T07:20:55.000,-25.751276333,28.25847387,67.0,40.0,73.0,46.0,53.0
281,Africa Clean Air Forum Pretoria Run,2026-07-13T07:20:56.000,-25.751276125,28.258462799,67.0,40.0,73.0,46.0,53.0
282,Africa Clean Air Forum Pretoria Run,2026-07-13T07:20:57.000,-25.751276782,28.258451531,67.0,40.0,73.0,46.0,53.0
283,Africa Clean Air Forum Pretoria Run,2026-07-13T07:20:58.000,-25.7512761,28.258437789,67.0,40.0,73.0,46.0,53.0
284,Africa Clean Air Forum Pretoria Run,2026-07-13T07:20:59.000,-25.751275938,28.258427167,67.0,40.0,73.0,46.0,53.0
285,Africa Clean Air Forum Pretoria Run,2026-07-13T07:21:00.000,-25.751274723,28.258415056,67.0,40.0,73.0,46.0,53.0
286,Africa Clean Air Forum Pretoria Run,2026-07-13T07:21:01.000,-25.751270615,28.258404463,67.0,40.0,73.0,46.0,53.0
287,Africa Clean Air Forum Pretoria Run,2026-07-13T07:21:02.000,-25.751269598,28.258394262,67.0,38.0,66.0,43.0,53.0
288,Africa Clean Air Forum Pretoria Run,2026-07-13T07:21:03.000,-25.751271288,28.258380817,67.0,40.0,73.0,46.0,53.0
289,Africa Clean Air Forum Pretoria Run,2026-07-13T07:21:04.000,-25.75127255,28.258368823,67.0,38.0,66.0,43.0,53.0
290,Africa Clean Air Forum Pretoria Run,2026-07-13T07:21:05.000,-25.751274771,28.258357399,67.0,38.0,66.0,43.0,53.0
291,Africa Clean Air Forum Pretoria Run,2026-07-13T07:21:06.000,-25.75127625,28.258346899,67.0,40.0,73.0,46.0,53.0
292,Africa Clean Air Forum Pretoria Run,2026-07-13T07:21:07.000,-25.751278041,28.258336036,67.0,38.0,66.0,43.0,53.0
293,Africa Clean Air Forum Pretoria Run,2026-07-13T07:21:08.000,-25.75128031,28.25832271,67.0,38.0,66.0,43.0,53.0
294,Africa Clean Air Forum Pretoria Run,2026-07-13T07:21:09.000,-25.751280575,28.25830967,67.0,38.0,66.0,43.0,53.0
295,Africa Clean Air Forum Pretoria Run,2026-07-13T07:21:10.000,-25.751279805,28.258297837,67.0,35.0,60.0,39.0,53.0
296,Africa Clean Air Forum Pretoria Run,2026-07-13T07:21:11.000,-25.75127996,28.258282315,67.0,35.0,60.0,39.0,53.0
297,Africa Clean Air Forum Pretoria Run,2026-07-13T07:21:12.000,-25.751277651,28.258272004,67.0,38.0,66.0,43.0,52.0
298,Africa Clean Air Forum Pretoria Run,2026-07-13T07:21:13.000,-25.751276844,28.258256563,67.0,38.0,66.0,43.0,52.0
299,Africa Clean Air Forum Pretoria Run,2026-07-13T07:21:14.000,-25.751275145,28.258245393,67.0,38.0,66.0,43.0,52.0
300,Africa Clean Air Forum Pretoria Run,2026-07-13T07:21:15.000,-25.751277998,28.25823219,67.0,38.0,66.0,43.0,52.0
301,Africa Clean Air Forum Pretoria Run,2026-07-13T07:21:16.000,-25.751273626,28.258219052,67.0,38.0,66.0,43.0,52.0
302,Africa Clean Air Forum Pretoria Run,2026-07-13T07:21:17.000,-25.7512732,28.258208771,67.0,38.0,66.0,43.0,52.0
303,Africa Clean Air Forum Pretoria Run,2026-07-13T07:21:18.000,-25.751273815,28.258195645,67.0,35.0,60.0,39.0,52.0
304,Africa Clean Air Forum Pretoria Run,2026-07-13T07:21:19.000,-25.751273329,28.258181758,67.0,33.0,54.0,36.0,52.0
305,Africa Clean Air Forum Pretoria Run,2026-07-13T07:21:20.000,-25.751272927,28.258172375,67.0,35.0,60.0,39.0,52.0
306,Africa Clean Air Forum Pretoria Run,2026-07-13T07:21:21.000,-25.751274316,28.258159781,67.0,38.0,66.0,43.0,52.0
307,Africa Clean Air Forum Pretoria Run,2026-07-13T07:21:22.000,-25.751277712,28.258150159,67.0,35.0,60.0,39.0,52.0
308,Africa Clean Air Forum Pretoria Run,2026-07-13T07:21:23.000,-25.751277824,28.258138055,67.0,35.0,60.0,39.0,52.0
309,Africa Clean Air Forum Pretoria Run,2026-07-13T07:21:24.000,-25.751278832,28.258126187,67.0,35.0,60.0,39.0,52.0
310,Africa Clean Air Forum Pretoria Run,2026-07-13T07:21:25.000,-25.75127584,28.258114666,67.0,35.0,60.0,39.0,51.0
311,Africa Clean Air Forum Pretoria Run,2026-07-13T07:21:26.000,-25.751275952,28.258102617,67.0,35.0,60.0,39.0,51.0
312,Africa Clean Air Forum Pretoria Run,2026-07-13T07:21:27.000,-25.751277051,28.258090093,67.0,33.0,54.0,36.0,51.0
313,Africa Clean Air Forum Pretoria Run,2026-07-13T07:21:28.000,-25.751279794,28.258079934,67.0,35.0,60.0,39.0,51.0
314,Africa Clean Air Forum Pretoria Run,2026-07-13T07:21:29.000,-25.751277984,28.258068796,66.0,35.0,60.0,39.0,51.0
315,Africa Clean Air Forum Pretoria Run,2026-07-13T07:21:30.000,-25.751282924,28.258054927,67.0,35.0,60.0,39.0,51.0
316,Africa Clean Air Forum Pretoria Run,2026-07-13T07:21:31.000,-25.751283461,28.258044029,67.0,33.0,54.0,36.0,51.0
317,Africa Clean Air Forum Pretoria Run,2026-07-13T07:21:32.000,-25.751283887,28.258032921,67.0,33.0,54.0,36.0,51.0
318,Africa Clean Air Forum Pretoria Run,2026-07-13T07:21:33.000,-25.751280562,28.258022046,67.0,33.0,54.0,36.0,51.0
319,Africa Clean Air Forum Pretoria Run,2026-07-13T07:21:34.000,-25.751282851,28.258008842,66.0,33.0,54.0,36.0,51.0
320,Africa Clean Air Forum Pretoria Run,2026-07-13T07:21:35.000,-25.751284691,28.257997945,67.0,33.0,54.0,36.0,51.0
321,Africa Clean Air Forum Pretoria Run,2026-07-13T07:21:36.000,-25.751282234,28.257985265,66.0,33.0,54.0,36.0,51.0
322,Africa Clean Air Forum Pretoria Run,2026-07-13T07:21:37.000,-25.751283276,28.257972747,66.0,33.0,54.0,36.0,51.0
323,Africa Clean Air Forum Pretoria Run,2026-07-13T07:21:38.000,-25.751282312,28.257959546,66.0,33.0,54.0,36.0,51.0
324,Africa Clean Air Forum Pretoria Run,2026-07-13T07:21:39.000,-25.751282967,28.257949527,67.0,33.0,54.0,36.0,51.0
325,Africa Clean Air Forum Pretoria Run,2026-07-13T07:21:40.000,-25.751287025,28.257934598,67.0,35.0,60.0,39.0,51.0
326,Africa Clean Air Forum Pretoria Run,2026-07-13T07:21:41.000,-25.751288586,28.257922231,66.0,35.0,60.0,39.0,51.0
327,Africa Clean Air Forum Pretoria Run,2026-07-13T07:21:42.000,-25.751288551,28.257910672,66.0,35.0,60.0,39.0,51.0
328,Africa Clean Air Forum Pretoria Run,2026-07-13T07:21:43.000,-25.751286824,28.257898983,66.0,35.0,60.0,39.0,51.0
329,Africa Clean Air Forum Pretoria Run,2026-07-13T07:21:44.000,-25.751288788,28.257884648,67.0,35.0,60.0,39.0,51.0
330,Africa Clean Air Forum Pretoria Run,2026-07-13T07:21:45.000,-25.75128864,28.257873554,66.0,35.0,60.0,39.0,51.0
331,Africa Clean Air Forum Pretoria Run,2026-07-13T07:21:46.000,-25.751289553,28.25786085,66.0,35.0,60.0,39.0,51.0
332,Africa Clean Air Forum Pretoria Run,2026-07-13T07:21:47.000,-25.75129015,28.257847089,66.0,34.0,57.0,38.0,51.0
333,Africa Clean Air Forum Pretoria Run,2026-07-13T07:21:48.000,-25.751290159,28.257833119,66.0,33.0,54.0,36.0,51.0
334,Africa Clean Air Forum Pretoria Run,2026-07-13T07:21:49.000,-25.75128793,28.257823287,66.0,33.0,54.0,36.0,51.0
335,Africa Clean Air Forum Pretoria Run,2026-07-13T07:21:50.000,-25.751286639,28.257809246,66.0,33.0,54.0,36.0,51.0
336,Africa Clean Air Forum Pretoria Run,2026-07-13T07:21:51.000,-25.751287353,28.257802146,66.0,35.0,60.0,39.0,51.0
337,Africa Clean Air Forum Pretoria Run,2026-07-13T07:21:52.000,-25.751288601,28.257791152,66.0,35.0,60.0,39.0,51.0
338,Africa Clean Air Forum Pretoria Run,2026-07-13T07:21:53.000,-25.75128618,28.257776787,66.0,35.0,60.0,39.0,51.0
339,Africa Clean Air Forum Pretoria Run,2026-07-13T07:21:54.000,-25.751284386,28.257766182,66.0,35.0,60.0,39.0,51.0
340,Africa Clean Air Forum Pretoria Run,2026-07-13T07:21:55.000,-25.751286135,28.257756087,66.0,35.0,60.0,39.0,51.0
341,Africa Clean Air Forum Pretoria Run,2026-07-13T07:21:56.000,-25.751285158,28.257741838,66.0,33.0,54.0,36.0,51.0
342,Africa Clean Air Forum Pretoria Run,2026-07-13T07:21:57.000,-25.751286668,28.257733158,66.0,33.0,54.0,36.0,51.0
343,Africa Clean Air Forum Pretoria Run,2026-07-13T07:21:58.000,-25.751287189,28.257719171,66.0,33.0,54.0,36.0,51.0
344,Africa Clean Air Forum Pretoria Run,2026-07-13T07:21:59.000,-25.751287276,28.257705009,66.0,30.0,47.0,33.0,51.0
345,Africa Clean Air Forum Pretoria Run,2026-07-13T07:22:00.000,-25.751288317,28.25769338,66.0,30.0,47.0,33.0,51.0
346,Africa Clean Air Forum Pretoria Run,2026-07-13T07:22:01.000,-25.751289118,28.25768111,66.0,28.0,42.0,30.0,51.0
347,Africa Clean Air Forum Pretoria Run,2026-07-13T07:22:02.000,-25.75128907,28.25766448,66.0,28.0,42.0,30.0,51.0
348,Africa Clean Air Forum Pretoria Run,2026-07-13T07:22:03.000,-25.751287361,28.257656054,66.0,28.0,42.0,30.0,51.0
349,Africa Clean Air Forum Pretoria Run,2026-07-13T07:22:04.000,-25.751288115,28.257648904,66.0,33.0,54.0,36.0,51.0
350,Africa Clean Air Forum Pretoria Run,2026-07-13T07:22:05.000,-25.751286679,28.257631944,66.0,33.0,54.0,36.0,51.0
351,Africa Clean Air Forum Pretoria Run,2026-07-13T07:22:06.000,-25.75128697,28.257622118,66.0,33.0,54.0,36.0,51.0
352,Africa Clean Air Forum Pretoria Run,2026-07-13T07:22:07.000,-25.751286599,28.257606423,66.0,33.0,54.0,36.0,51.0
353,Africa Clean Air Forum Pretoria Run,2026-07-13T07:22:08.000,-25.7512902,28.257591846,66.0,33.0,54.0,36.0,51.0
354,Africa Clean Air Forum Pretoria Run,2026-07-13T07:22:09.000,-25.751290145,28.257581626,66.0,33.0,54.0,36.0,51.0
355,Africa Clean Air Forum Pretoria Run,2026-07-13T07:22:10.000,-25.751288401,28.257570583,66.0,33.0,54.0,36.0,51.0
356,Africa Clean Air Forum Pretoria Run,2026-07-13T07:22:11.000,-25.751288399,28.257557763,66.0,33.0,54.0,36.0,51.0
357,Africa Clean Air Forum Pretoria Run,2026-07-13T07:22:12.000,-25.751286536,28.257543834,66.0,33.0,54.0,36.0,51.0
358,Africa Clean Air Forum Pretoria Run,2026-07-13T07:22:13.000,-25.751287804,28.257531696,66.0,33.0,54.0,36.0,51.0
359,Africa Clean Air Forum Pretoria Run,2026-07-13T07:22:14.000,-25.751289487,28.257518988,66.0,33.0,54.0,36.0,51.0
360,Africa Clean Air Forum Pretoria Run,2026-07-13T07:22:15.000,-25.751290487,28.257508427,66.0,30.0,47.0,33.0,51.0
361,Africa Clean Air Forum Pretoria Run,2026-07-13T07:22:16.000,-25.751291732,28.257498491,66.0,33.0,54.0,36.0,51.0
362,Africa Clean Air Forum Pretoria Run,2026-07-13T07:22:17.000,-25.751289279,28.257486251,66.0,28.0,42.0,30.0,51.0
363,Africa Clean Air Forum Pretoria Run,2026-07-13T07:22:18.000,-25.751288846,28.257474095,66.0,28.0,42.0,30.0,51.0
364,Africa Clean Air Forum Pretoria Run,2026-07-13T07:22:19.000,-25.751287774,28.257465555,66.0,30.0,47.0,33.0,51.0
365,Africa Clean Air Forum Pretoria Run,2026-07-13T07:22:20.000,-25.75128964,28.257453454,66.0,28.0,42.0,30.0,51.0
366,Africa Clean Air Forum Pretoria Run,2026-07-13T07:22:21.000,-25.751292208,28.257450329,66.0,30.0,47.0,33.0,51.0
367,Africa Clean Air Forum Pretoria Run,2026-07-13T07:22:22.000,-25.751294403,28.257458513,66.0,28.0,42.0,30.0,51.0
368,Africa Clean Air Forum Pretoria Run,2026-07-13T07:22:23.000,-25.751292211,28.257464383,66.0,28.0,42.0,30.0,51.0
369,Africa Clean Air Forum Pretoria Run,2026-07-13T07:22:24.000,-25.751292457,28.257464625,66.0,30.0,47.0,33.0,52.0
370,Africa Clean Air Forum Pretoria Run,2026-07-13T07:22:25.000,-25.751295266,28.25746765,66.0,30.0,47.0,33.0,51.0
371,Africa Clean Air Forum Pretoria Run,2026-07-13T07:22:26.000,-25.751298822,28.257471931,66.0,30.0,47.0,33.0,52.0
372,Africa Clean Air Forum Pretoria Run,2026-07-13T07:22:27.000,-25.751293082,28.257471996,66.0,30.0,47.0,33.0,52.0
373,Africa Clean Air Forum Pretoria Run,2026-07-13T07:22:28.000,-25.751290154,28.257469589,66.0,30.0,47.0,33.0,52.0
374,Africa Clean Air Forum Pretoria Run,2026-07-13T07:22:29.000,-25.751286077,28.257469857,66.0,30.0,47.0,33.0,52.0
375,Africa Clean Air Forum Pretoria Run,2026-07-13T07:22:30.000,-25.751282995,28.257469635,66.0,30.0,47.0,33.0,52.0
376,Africa Clean Air Forum Pretoria Run,2026-07-13T07:22:31.000,-25.751280621,28.257467078,66.0,33.0,54.0,36.0,52.0
377,Africa Clean Air Forum Pretoria Run,2026-07-13T07:22:32.000,-25.751279449,28.257469359,66.0,33.0,54.0,36.0,52.0
378,Africa Clean Air Forum Pretoria Run,2026-07-13T07:22:33.000,-25.751279449,28.257469359,66.0,30.0,47.0,33.0,52.0
379,Africa Clean Air Forum Pretoria Run,2026-07-13T07:22:34.000,-25.751279449,28.257469359,66.0,30.0,47.0,33.0,52.0
380,Africa Clean Air Forum Pretoria Run,2026-07-13T07:22:35.000,-25.751279449,28.257469359,66.0,30.0,47.0,33.0,52.0
381,Africa Clean Air Forum Pretoria Run,2026-07-13T07:22:36.000,-25.751273677,28.257472999,66.0,30.0,47.0,33.0,52.0
382,Africa Clean Air Forum Pretoria Run,2026-07-13T07:22:37.000,-25.751272382,28.257474848,66.0,30.0,47.0,33.0,52.0
383,Africa Clean Air Forum Pretoria Run,2026-07-13T07:22:38.000,-25.751271968,28.257475174,66.0,33.0,54.0,36.0,52.0
384,Africa Clean Air Forum Pretoria Run,2026-07-13T07:22:39.000,-25.751271968,28.257475174,66.0,33.0,54.0,36.0,52.0
385,Africa Clean Air Forum Pretoria Run,2026-07-13T07:22:40.000,-25.751271968,28.257475174,66.0,30.0,47.0,33.0,52.0
386,Africa Clean Air Forum Pretoria Run,2026-07-13T07:22:41.000,-25.751271968,28.257475174,66.0,35.0,60.0,39.0,52.0
387,Africa Clean Air Forum Pretoria Run,2026-07-13T07:22:42.000,-25.751271968,28.257475174,66.0,35.0,60.0,39.0,52.0
388,Africa Clean Air Forum Pretoria Run,2026-07-13T07:22:43.000,-25.751271968,28.257475174,66.0,35.0,60.0,39.0,52.0
389,Africa Clean Air Forum Pretoria Run,2026-07-13T07:22:44.000,-25.751268614,28.257478154,66.0,33.0,54.0,36.0,52.0
390,Africa Clean Air Forum Pretoria Run,2026-07-13T07:22:45.000,-25.751265099,28.257478214,66.0,33.0,54.0,36.0,52.0
391,Africa Clean Air Forum Pretoria Run,2026-07-13T07:22:46.000,-25.751262917,28.257476458,66.0,33.0,54.0,36.0,52.0
392,Africa Clean Air Forum Pretoria Run,2026-07-13T07:22:47.000,-25.751262305,28.257475854,66.0,33.0,54.0,36.0,53.0
393,Africa Clean Air Forum Pretoria Run,2026-07-13T07:22:48.000,-25.751261397,28.257475156,66.0,30.0,47.0,33.0,53.0
394,Africa Clean Air Forum Pretoria Run,2026-07-13T07:22:49.000,-25.751261243,28.257475349,66.0,30.0,47.0,33.0,53.0
395,Africa Clean Air Forum Pretoria Run,2026-07-13T07:22:50.000,-25.751257347,28.257474369,66.0,30.0,47.0,33.0,53.0
396,Africa Clean Air Forum Pretoria Run,2026-07-13T07:22:51.000,-25.751256767,28.257470347,66.0,29.0,45.0,32.0,53.0
397,Africa Clean Air Forum Pretoria Run,2026-07-13T07:22:52.000,-25.751253306,28.257471713,66.0,30.0,47.0,33.0,53.0
398,Africa Clean Air Forum Pretoria Run,2026-07-13T07:22:53.000,-25.751252218,28.257472278,66.0,30.0,47.0,33.0,53.0
399,Africa Clean Air Forum Pretoria Run,2026-07-13T07:22:54.000,-25.751251441,28.257474543,66.0,30.0,47.0,33.0,53.0
400,Africa Clean Air Forum Pretoria Run,2026-07-13T07:22:55.000,-25.751249902,28.257475741,66.0,30.0,47.0,33.0,53.0
401,Africa Clean Air Forum Pretoria Run,2026-07-13T07:22:56.000,-25.751249398,28.257476993,66.0,30.0,47.0,33.0,53.0
402,Africa Clean Air Forum Pretoria Run,2026-07-13T07:22:57.000,-25.751249797,28.257478382,66.0,28.0,42.0,30.0,53.0
403,Africa Clean Air Forum Pretoria Run,2026-07-13T07:22:58.000,-25.751248538,28.257479031,66.0,28.0,42.0,30.0,53.0
404,Africa Clean Air Forum Pretoria Run,2026-07-13T07:22:59.000,-25.751248951,28.257480059,66.0,30.0,47.0,33.0,53.0
405,Africa Clean Air Forum Pretoria Run,2026-07-13T07:23:00.000,-25.751248047,28.257480611,66.0,33.0,54.0,36.0,53.0
406,Africa Clean Air Forum Pretoria Run,2026-07-13T07:23:01.000,-25.751247491,28.257479782,66.0,30.0,47.0,33.0,53.0
407,Africa Clean Air Forum Pretoria Run,2026-07-13T07:23:02.000,-25.751246997,28.257478875,66.0,28.0,42.0,30.0,53.0
408,Africa Clean Air Forum Pretoria Run,2026-07-13T07:23:03.000,-25.751246263,28.257478483,66.0,28.0,42.0,30.0,53.0
409,Africa Clean Air Forum Pretoria Run,2026-07-13T07:23:04.000,-25.75124446,28.257479847,66.0,30.0,47.0,33.0,53.0
410,Africa Clean Air Forum Pretoria Run,2026-07-13T07:23:05.000,-25.751243967,28.25748016,66.0,28.0,42.0,30.0,53.0
411,Africa Clean Air Forum Pretoria Run,2026-07-13T07:23:06.000,-25.751243886,28.257480267,66.0,28.0,42.0,30.0,53.0
412,Africa Clean Air Forum Pretoria Run,2026-07-13T07:23:07.000,-25.751244224,28.257481184,66.0,26.0,37.0,28.0,53.0
413,Africa Clean Air Forum Pretoria Run,2026-07-13T07:23:08.000,-25.751243948,28.257481253,66.0,26.0,37.0,28.0,53.0
414,Africa Clean Air Forum Pretoria Run,2026-07-13T07:23:09.000,-25.751244878,28.257481932,66.0,28.0,42.0,30.0,53.0
415,Africa Clean Air Forum Pretoria Run,2026-07-13T07:23:10.000,-25.751244583,28.257482796,66.0,30.0,47.0,33.0,53.0
416,Africa Clean Air Forum Pretoria Run,2026-07-13T07:23:11.000,-25.751244258,28.257483384,66.0,33.0,54.0,36.0,53.0
417,Africa Clean Air Forum Pretoria Run,2026-07-13T07:23:12.000,-25.751244307,28.257484443,66.0,33.0,54.0,36.0,53.0
418,Africa Clean Air Forum Pretoria Run,2026-07-13T07:23:13.000,-25.751243635,28.257484675,66.0,33.0,54.0,36.0,53.0
419,Africa Clean Air Forum Pretoria Run,2026-07-13T07:23:14.000,-25.751242507,28.257486457,66.0,33.0,54.0,36.0,53.0
420,Africa Clean Air Forum Pretoria Run,2026-07-13T07:23:15.000,-25.751242423,28.25748637,66.0,33.0,54.0,36.0,53.0
421,Africa Clean Air Forum Pretoria Run,2026-07-13T07:23:16.000,-25.751242234,28.257486633,66.0,33.0,54.0,36.0,53.0
422,Africa Clean Air Forum Pretoria Run,2026-07-13T07:23:17.000,-25.751242234,28.257486633,66.0,33.0,54.0,36.0,53.0
423,Africa Clean Air Forum Pretoria Run,2026-07-13T07:23:18.000,-25.751240126,28.257489793,66.0,33.0,54.0,36.0,53.0
424,Africa Clean Air Forum Pretoria Run,2026-07-13T07:23:19.000,-25.751239864,28.25749028,66.0,33.0,54.0,36.0,53.0
425,Africa Clean Air Forum Pretoria Run,2026-07-13T07:23:20.000,-25.751239034,28.257491677,66.0,33.0,54.0,36.0,53.0
426,Africa Clean Air Forum Pretoria Run,2026-07-13T07:23:21.000,-25.751239811,28.257491797,66.0,33.0,54.0,36.0,53.0
427,Africa Clean Air Forum Pretoria Run,2026-07-13T07:23:22.000,-25.751239811,28.257493285,66.0,33.0,54.0,36.0,53.0
428,Africa Clean Air Forum Pretoria Run,2026-07-13T07:23:23.000,-25.751241028,28.257493264,66.0,33.0,54.0,36.0,53.0
429,Africa Clean Air Forum Pretoria Run,2026-07-13T07:23:24.000,-25.751241583,28.25749473,66.0,30.0,47.0,33.0,53.0
430,Africa Clean Air Forum Pretoria Run,2026-07-13T07:23:25.000,-25.751241972,28.257495504,66.0,30.0,47.0,33.0,53.0
431,Africa Clean Air Forum Pretoria Run,2026-07-13T07:23:26.000,-25.751241356,28.257495129,66.0,33.0,54.0,36.0,53.0
432,Africa Clean Air Forum Pretoria Run,2026-07-13T07:23:27.000,-25.751241294,28.257495493,66.0,33.0,54.0,36.0,53.0
433,Africa Clean Air Forum Pretoria Run,2026-07-13T07:23:28.000,-25.75124242,28.257494017,66.0,33.0,54.0,36.0,53.0
434,Africa Clean Air Forum Pretoria Run,2026-07-13T07:23:29.000,-25.751242609,28.257495373,66.0,33.0,54.0,36.0,53.0
435,Africa Clean Air Forum Pretoria Run,2026-07-13T07:23:30.000,-25.751243105,28.257493843,66.0,30.0,47.0,33.0,53.0
436,Africa Clean Air Forum Pretoria Run,2026-07-13T07:23:31.000,-25.751244027,28.257492207,66.0,30.0,47.0,33.0,53.0
437,Africa Clean Air Forum Pretoria Run,2026-07-13T07:23:32.000,-25.751243621,28.25749193,66.0,30.0,47.0,33.0,53.0
438,Africa Clean Air Forum Pretoria Run,2026-07-13T07:23:33.000,-25.751244267,28.25748935,66.0,28.0,42.0,30.0,53.0
439,Africa Clean Air Forum Pretoria Run,2026-07-13T07:23:34.000,-25.751244744,28.257491253,66.0,33.0,54.0,36.0,53.0
440,Africa Clean Air Forum Pretoria Run,2026-07-13T07:23:35.000,-25.751245561,28.257491318,66.0,33.0,54.0,36.0,53.0
441,Africa Clean Air Forum Pretoria Run,2026-07-13T07:23:36.000,-25.751245446,28.257491417,66.0,33.0,54.0,36.0,53.0
442,Africa Clean Air Forum Pretoria Run,2026-07-13T07:23:37.000,-25.751246892,28.25749226,66.0,33.0,54.0,36.0,53.0
443,Africa Clean Air Forum Pretoria Run,2026-07-13T07:23:38.000,-25.751246892,28.25749226,66.0,33.0,54.0,36.0,53.0
444,Africa Clean Air Forum Pretoria Run,2026-07-13T07:23:39.000,-25.751249341,28.257492383,66.0,33.0,54.0,36.0,53.0
445,Africa Clean Air Forum Pretoria Run,2026-07-13T07:23:40.000,-25.751249945,28.257492932,66.0,30.0,47.0,33.0,53.0
446,Africa Clean Air Forum Pretoria Run,2026-07-13T07:23:41.000,-25.751250571,28.257492716,66.0,30.0,47.0,33.0,53.0
447,Africa Clean Air Forum Pretoria Run,2026-07-13T07:23:42.000,-25.751250571,28.257492716,66.0,30.0,47.0,33.0,53.0
448,Africa Clean Air Forum Pretoria Run,2026-07-13T07:23:43.000,-25.751250571,28.257492716,66.0,30.0,47.0,33.0,53.0
449,Africa Clean Air Forum Pretoria Run,2026-07-13T07:23:44.000,-25.751250571,28.257492716,67.0,30.0,47.0,33.0,53.0
450,Africa Clean Air Forum Pretoria Run,2026-07-13T07:23:45.000,-25.751250571,28.257492716,67.0,30.0,47.0,33.0,53.0
451,Africa Clean Air Forum Pretoria Run,2026-07-13T07:23:46.000,-25.751250571,28.257492716,66.0,30.0,47.0,33.0,53.0
452,Africa Clean Air Forum Pretoria Run,2026-07-13T07:23:47.000,-25.751250571,28.257492716,67.0,30.0,47.0,33.0,53.0
453,Africa Clean Air Forum Pretoria Run,2026-07-13T07:23:48.000,-25.751250571,28.257492716,66.0,30.0,47.0,33.0,53.0
454,Africa Clean Air Forum Pretoria Run,2026-07-13T07:23:49.000,-25.751250571,28.257492716,67.0,30.0,47.0,33.0,54.0
455,Africa Clean Air Forum Pretoria Run,2026-07-13T07:23:50.000,-25.751254491,28.257496741,67.0,29.0,45.0,32.0,54.0
456,Africa Clean Air Forum Pretoria Run,2026-07-13T07:23:51.000,-25.751254387,28.257496969,67.0,28.0,42.0,30.0,54.0
457,Africa Clean Air Forum Pretoria Run,2026-07-13T07:23:52.000,-25.751252884,28.257495652,67.0,28.0,42.0,30.0,53.0
458,Africa Clean Air Forum Pretoria Run,2026-07-13T07:23:53.000,-25.751252077,28.257495449,67.0,33.0,54.0,36.0,53.0
459,Africa Clean Air Forum Pretoria Run,2026-07-13T07:23:54.000,-25.751251694,28.257492928,67.0,33.0,54.0,36.0,53.0
