ID;ROOT_ID;STATE;FEATURED;CHECKED;VALIDATION_SCORE;FLAG_COUNT;LATITUDE;LONGITUDE;CREATED_AT;MODIFIED_AT;USER_ID;USER_ROLE;CATEGORY;MAP_LOCATION_CORRECT;OBSERVATION_TYPE_ON_THE_MOVE;EXTREME_WEATHER_EVENT;OTHER_EXTREME_WEATHER_EVENT;IMAGEGALLERY;IMAGE_ON_THE_MOVE;IMAGE;POSITIVE_FEATURES_SPOT;FILTER_POSITIVE_FEATURES;OTHER_POSITIVE_FEATURE;POSITIVE_ASPECTS_OF_FEATURE;POSITIVE_FEATURE_ASPECT_DESCRIPTION_TEXT;POSITIVE_FEATURE_ASPECT_DESCRIPTION_AUDIO;NEGATIVE_FEATURES_SPOT;FILTER_NEGATIVE_FEATURES;NEGATIVE_ASPECTS_FEATURE;NEGATIVE_ASPECTS_FEATURE_DESCRIPTION_TEXT;AUDIO_FEEDBACK_GENERAL;NEGATIVE_ASPECTS_FEATURE_DESCRIPTION_AUDIO;POSITIVE_FEELINGS;HAPPY_RATE;ENERGETIC_RATE;ACTIVE_RATE;HEALTHY_RATE;NEGATIVE_FEELINGS;ANXIOUS_RATE;FRUSTRATED_RATE;UNSAFE_RATE;TIRED_RATE;INTERFERED_WITH_SLEEPING_LAST_WEEK;REASON_NOT_RELEVANT_SLEEP;DAYS_MISSED_SLEEP;OTHER_REASON_SLEEP;INTERFERED_WITH_HOUSEWORK_LAST_WEEK;REASON_NOT_RELEVANT_HOUSEWORK;DAYS_MISSED_HOUSEWORK;OTHER_REASON_HOUSEWORK;INTERFERED_WITH_DAILY_TRAVEL;REASON_NOT_RELEVANT_DAILY_TRAVEL;DAYS_MISSED_DAILY_TRAVEL;OTHER_REASON_DAILY_TRAVEL;INTERFERED_WITH_WORK_SCHOOL;REASON_NOT_RELEVANT_WORK_SCHOOL;DAYS_MISSED_WORK_SCHOOL;OTHER_REASON_WORK_SCHOOL;INTEREFERED_WITH_SOCIAL_LEISURE;REASON_NOT_RELEVANT_SOCIAL_LEISURE;DAYS_MISSED_SOCIAL_LEISURE;OTHER_REASON_SOCIAL_LEISURE;INTERFERED_WITH_EXERCISE;REASON_NOT_RELEVANT_EXERCISE;DAYS_MISSED_EXERCISE;OTHER_REASON_EXERCISE;NUMBER_OF_PEOPLE_HOUSEHOLD;DAYS_MISSED_HOUSEHOLD_WORK_SCHOOL;ADDITIONAL_QUESTIONS;HEALTHCARE_LAST_MONTH;HOSPITAL_LAST_MONTH;HOUSEHOLD_HEALTHCARE_LAST_MONTH;HOUSEHOLD_HOSPITAL_LAST_MONTH;ACTIONS_TO_MINIMISE_IMPACT;WATER_QUALITY_IS_DISTRUPTED;OTHER_ACTIONS_TO_MINIMISE_IMPACT;DESCRIPTION_HOW_THIS_EVENT_AFFECTED_QUALITY_OF_LIF;ACTIVITIES_CHANGE_LAST_24_HOURS;CHANGE_WALKING_CYCLING;CHANGE_MEETING_FRIENDS_FAMILY;CHANGE_HELPING_CARING_FOR_SOMEONE;CHANGE_RECREATIONAL_EXERCISE;CHANGE_SLEEPING;CHANGE_WORKING_OUTDOORS;TIME_SPENT_CYCLING_TO_SCHOOL_WORK;TIME_SPENT_WORKING_OUTDOORS;TIME_SPENT_RECREATIONAL_EXERCISE;QUALITY_OF_SLEEP_LAST_NIGHT;BELIEVE_IN_HEALTHIER_MORE_RESILIENT_CITY;SUGGESTION_TO_MAKE_CITY_MORE_HEALTHIER_SUSTAINABLE;OBSERVATION_IS_PART_OF_A_PROJECT;RUN_ACTIVITY;DESCRIPTION;SPOTTED_AT;MEDIA_2312_0;MEDIA_2312_1;MEDIA_2312_2;MEDIA_2312_3;MEDIA_2312_4;MEDIA_2312_5;MEDIA_2313_0;MEDIA_2313_1;MEDIA_2313_2;MEDIA_2313_3;MEDIA_2313_4;MEDIA_2313_5;MEDIA_2306_0;MEDIA_2309_0
1337685;1337685;enabled;0;0;0;0;-26.114574;28.108086;"2026-08-28 09:29";;133261;runner;"on the move";true;"urbanbetter hub activity";;;https://www.spotteron.com/api/v2/gallery/2270630;;https://dl.spotteron.com/m/s/000067/2026/08/28/3o84wtatqcpwdfxfewvw4r3jjmhfyniq;;;;;;;;;;;;;;;;;;;;;;;;;;;;;;;;;;;;;;;;;;;;;;;;;false;;;;;;false;;;;;;;;;;;;;;;;false;;;"2026-08-28 11:07";https://dl.spotteron.com/m/s/000067/2026/08/28/3o84wtatqcpwdfxfewvw4r3jjmhfyniq
1337667;1337667;enabled;0;0;0;0;-26.10559;28.105391;"2026-08-28 08:59";;133359;runner;"on the move";true;"urbanbetter hub activity";;;https://www.spotteron.com/api/v2/gallery/2270615;;https://dl.spotteron.com/m/s/000067/2026/08/28/tf6ya4lzcyjcrjrz073ftnh0guzgesu9;;;;;;;"Built hazards";negative_features_spots_filter;;;;;;;;;;;;;;;;;;;;;;;;;;;;;;;;;;;;;;;;;false;;;;;;false;;;;;;;;;;;;;;;;false;;;"2026-08-28 10:58";https://dl.spotteron.com/m/s/000067/2026/08/28/tf6ya4lzcyjcrjrz073ftnh0guzgesu9
1337655;1337655;enabled;0;0;0;0;-26.099788;28.10309;"2026-08-28 08:52";;123778;runner;"on the move";true;"urbanbetter hub activity";;;https://www.spotteron.com/api/v2/gallery/2270603;;https://dl.spotteron.com/m/s/000067/2026/08/28/xa7ac42lqzbzw0yhiv6ksmnqdy1xcntz;;;;;;;;;;;;;;;;;;;;;;;;;;;;;;;;;;;;;;;;;;;;;;;;;false;;;;;;false;;;;;;;;;;;;;;;;false;;;"2026-08-28 10:52";https://dl.spotteron.com/m/s/000067/2026/08/28/xa7ac42lqzbzw0yhiv6ksmnqdy1xcntz
1337659;1337659;enabled;0;0;0;0;-26.098698;28.103614;"2026-08-28 08:54";;133359;runner;"on the move";true;"urbanbetter hub activity";;;https://www.spotteron.com/api/v2/gallery/2270607;;https://dl.spotteron.com/m/s/000067/2026/08/28/t0xoeznccapkpstejsflaxe6xsgp57ul;"activity infrastructure";positive_features_spots_filter;;;;;;;;;;;;;;;;;;;;;;;;;;;;;;;;;;;;;;;;;;;;;;;false;;;;;;false;;;;;;;;;;;;;;;;false;;;"2026-08-28 10:52";https://dl.spotteron.com/m/s/000067/2026/08/28/t0xoeznccapkpstejsflaxe6xsgp57ul
1337657;1337657;enabled;0;0;0;0;-26.108108;28.113002;"2026-08-28 08:53";;133261;runner;"on the move";true;"urbanbetter hub activity";;;https://www.spotteron.com/api/v2/gallery/2270605;;https://dl.spotteron.com/m/s/000067/2026/08/28/u1vbvri3oun6a2i8jodfqoddjc6iqd8u;"open spaces, green open spaces, forest / park";positive_features_spots_filter;;;;;;;;;;;;;;;;;;;;;;;;;;;;;;;;;;;;;;;;;;;;;;;false;;;;;;false;;;;;;;;;;;;;;;;false;;;"2026-08-28 10:52";https://dl.spotteron.com/m/s/000067/2026/08/28/u1vbvri3oun6a2i8jodfqoddjc6iqd8u;https://dl.spotteron.com/m/s/000067/2026/08/28/4b76xzjt8wbs09q0i2rtpdssiojjh5h1
1337654;1337654;enabled;0;0;0;0;-26.099788;28.10309;"2026-08-28 08:52";;123778;runner;"on the move";true;"urbanbetter hub activity";;;https://www.spotteron.com/api/v2/gallery/2270602;;https://dl.spotteron.com/m/s/000067/2026/08/28/ozcpw9svzxwwur7vk6lqou72edwtmv1e;"open spaces, green open spaces, aesthetics, forest / park";positive_features_spots_filter;;"Pleasant view, Pleasant smells, Good lightning, Cooling breeze, Safe for physical activity, Equipment for recreational activity (exercise/play";;;;;;;;;;;;;;;;;;;;;;;;;;;;;;;;;;;;;;;;;;;;;false;;;;;;false;;;;;;;;;;;;;;;;false;;;"2026-08-28 10:51";https://dl.spotteron.com/m/s/000067/2026/08/28/ozcpw9svzxwwur7vk6lqou72edwtmv1e;https://dl.spotteron.com/m/s/000067/2026/08/28/4434f3avkvi5v43f5xmumem3rbqn1333;https://dl.spotteron.com/m/s/000067/2026/08/28/8qi0vqmc1f68fep1yq0m0vw9bgar1bxp
1337652;1337652;enabled;0;0;0;0;-26.099788;28.10309;"2026-08-28 08:51";;123778;runner;"on the move";true;"urbanbetter hub activity";;;https://www.spotteron.com/api/v2/gallery/2270600;;https://dl.spotteron.com/m/s/000067/2026/08/28/44kgcn40lxeg6c8vfimcobz9ojgz0k3s;"activity infrastructure";positive_features_spots_filter;;"Inclusive (age/disability)";;;;;;;;;;;;;;;;;;;;;;;;;;;;;;;;;;;;;;;;;;;;;false;;;;;;false;;;;;;;;;;;;;;;;false;;;"2026-08-28 10:49";https://dl.spotteron.com/m/s/000067/2026/08/28/44kgcn40lxeg6c8vfimcobz9ojgz0k3s;https://dl.spotteron.com/m/s/000067/2026/08/28/3m0krm6cfgpqaxs11tgwy7ozkglzs6go
1337653;1337653;enabled;0;0;0;0;-26.098698;28.103614;"2026-08-28 08:51";;133359;runner;"on the move";true;"urbanbetter hub activity";;;https://www.spotteron.com/api/v2/gallery/2270601;;https://dl.spotteron.com/m/s/000067/2026/08/28/xry1drm7su99mx53jgzw4oegepy9s73n;"activity infrastructure, open spaces, foliage / vegetation, green open spaces";positive_features_spots_filter;;;;;"Waste management, Construction / Dust";negative_features_spots_filter;;;;;;;;;;;;;;;;;;;;;;;;;;;;;;;;;;;;;;;;;false;;;;;;false;;;;;;;;;;;;;;;;false;;;"2026-08-28 10:48";https://dl.spotteron.com/m/s/000067/2026/08/28/xry1drm7su99mx53jgzw4oegepy9s73n;https://dl.spotteron.com/m/s/000067/2026/08/28/o12w8df7cqmlt3x1e2zux9sa4xi62pgw;https://dl.spotteron.com/m/s/000067/2026/08/28/osqdb5rls8hucyej9n5p6rsemz3czet5;https://dl.spotteron.com/m/s/000067/2026/08/28/z0if9ypuvsas9jodh288ml0b11v29yu4;https://dl.spotteron.com/m/s/000067/2026/08/28/ly16ihnigli9j3ix20ttseqoffj33i5s;https://dl.spotteron.com/m/s/000067/2026/08/28/mhs65k17lzvj1xqb35w3t5c97vrpwgc8
1337648;1337648;enabled;0;0;0;0;-26.098698;28.103614;"2026-08-28 08:48";;133359;runner;"on the move";true;"urbanbetter hub activity";;;https://www.spotteron.com/api/v2/gallery/2270596;;https://dl.spotteron.com/m/s/000067/2026/08/28/2dft0ee1d6tffdbz9a7iauea35v3ul1l;"activity infrastructure, foliage / vegetation, forest / park, green open spaces";positive_features_spots_filter;;;;;;;;;;;;;;;;;;;;;;;;;;;;;;;;;;;;;;;;;;;;;;;false;;;;;;false;;;;;;;;;;;;;;;;false;;;"2026-08-28 10:47";https://dl.spotteron.com/m/s/000067/2026/08/28/2dft0ee1d6tffdbz9a7iauea35v3ul1l
1337645;1337645;enabled;0;0;0;0;-26.099788;28.10309;"2026-08-28 08:47";;123778;runner;"on the move";true;"urbanbetter hub activity";;;https://www.spotteron.com/api/v2/gallery/2270593;;https://dl.spotteron.com/m/s/000067/2026/08/28/anwg65i37kpz8sb1n1ko1n7zikhcwx1c;"water body";positive_features_spots_filter;;;;;"Aesthetics, Natural hazards";negative_features_spots_filter;"Bad smells, Poor lighting, Stagnant/pooling water, Heat discomfort, No trees / green space";;;;;;;;;;;;;;;;;;;;;;;;;;;;;;;;;;;;;;;;false;;;;;;false;;;;;;;;;;;;;;;;false;;;"2026-08-28 10:46";https://dl.spotteron.com/m/s/000067/2026/08/28/anwg65i37kpz8sb1n1ko1n7zikhcwx1c
1337644;1337644;enabled;0;0;0;0;-26.099788;28.10309;"2026-08-28 08:46";;123778;runner;"on the move";true;"urbanbetter hub activity";;;https://www.spotteron.com/api/v2/gallery/2270592;;https://dl.spotteron.com/m/s/000067/2026/08/28/2d82j4ekt7mgf8oxvczoz1ha2ee9ubvo;;;;;;;"Waste management, Construction / Dust, Traffic";negative_features_spots_filter;"Bad smells, Air feels / looks polluted, Heat discomfort, Improper waste disposal, Noise";;;;;;;;;;;;;;;;;;;;;;;;;;;;;;;;;;;;;;;;false;;;;;;false;;;;;;;;;;;;;;;;false;;;"2026-08-28 10:44";https://dl.spotteron.com/m/s/000067/2026/08/28/2d82j4ekt7mgf8oxvczoz1ha2ee9ubvo;https://dl.spotteron.com/m/s/000067/2026/08/28/9v1smse5qh0ekt7hssxlcw29x6s2tkf9;https://dl.spotteron.com/m/s/000067/2026/08/28/z7p3ab9tl8tvay9dfaug95oxvd8y6a41
1337643;1337643;enabled;0;0;0;0;-26.281116;28.014277;"2026-08-28 08:45";;133359;runner;"on the move";true;"urbanbetter hub activity";;;https://www.spotteron.com/api/v2/gallery/2270591;;https://dl.spotteron.com/m/s/000067/2026/08/28/pzbrrst3yjc3euuxaalm9tq4cunl13b8;"water body";positive_features_spots_filter;;"Cooling breeze";;;"Waste management";negative_features_spots_filter;;;;;;;;;;;;;;;;;;;;;;;;;;;;;;;;;;;;;;;;;false;;;;;;false;;;;;;;;;;;;;;;;false;;;"2026-08-28 10:42";https://dl.spotteron.com/m/s/000067/2026/08/28/pzbrrst3yjc3euuxaalm9tq4cunl13b8;https://dl.spotteron.com/m/s/000067/2026/08/28/qdjfcr2yfdteco01kldls99jrv1uxmd9;https://dl.spotteron.com/m/s/000067/2026/08/28/t3b77gzxlzh3u6bd6tk9k9757eguyd6o;https://dl.spotteron.com/m/s/000067/2026/08/28/a1hyk990222pqnuoa8166wgtuypz7qc9;https://dl.spotteron.com/m/s/000067/2026/08/28/rae9500in948jxyo1ja2qlko1y6k6qpu;https://dl.spotteron.com/m/s/000067/2026/08/28/6gedfjgoyz6uweqsduqont37n11z55sz
1337639;1337639;enabled;0;0;0;0;-26.281116;28.014277;"2026-08-28 08:42";;133359;runner;"on the move";true;"urbanbetter hub activity";;;https://www.spotteron.com/api/v2/gallery/2270587;;https://dl.spotteron.com/m/s/000067/2026/08/28/i2rsyohu8zf4f0flyo6ygrg5vt9dwmk7;;;;;;;"Other, Waste management";negative_features_spots_filter;;;;;;;;;;;;;;;;;;;;;;;;;;;;;;;;;;;;;;;;;false;;;;;;false;;;;;;;;;;;;;;;;false;;;"2026-08-28 10:40";https://dl.spotteron.com/m/s/000067/2026/08/28/i2rsyohu8zf4f0flyo6ygrg5vt9dwmk7;https://dl.spotteron.com/m/s/000067/2026/08/28/rx8frgko545pvk06ll6g2bthpnvhww5j;https://dl.spotteron.com/m/s/000067/2026/08/28/42ywbw7z3o54z9ef61iv7sfbg9ghm0lu
1337636;1337636;enabled;0;0;0;0;-26.281116;28.014277;"2026-08-28 08:37";;133359;runner;"on the move";true;"urbanbetter hub activity";;;https://www.spotteron.com/api/v2/gallery/2270584;;https://dl.spotteron.com/m/s/000067/2026/08/28/5r4h7q2peoc5e2jvogzqln6iazu9r1cu;;;;;;;"Waste management";negative_features_spots_filter;;;;;;;;;;;;;;;;;;;;;;;;;;;;;;;;;;;;;;;;;false;;;;;;false;;;;;;;;;;;;;;;;false;;;"2026-08-28 10:36";https://dl.spotteron.com/m/s/000067/2026/08/28/5r4h7q2peoc5e2jvogzqln6iazu9r1cu
1337635;1337635;enabled;0;0;0;0;-26.281116;28.014277;"2026-08-28 08:36";;133359;runner;"on the move";true;"urbanbetter hub activity";;;https://www.spotteron.com/api/v2/gallery/2270583;;https://dl.spotteron.com/m/s/000067/2026/08/28/12g1shu8qwxa88skdg9gwoebwhof9z5o;"activity infrastructure, foliage / vegetation";positive_features_spots_filter;;;;;;;;;;;;;;;;;;;;;;;;;;;;;;;;;;;;;;;;;;;;;;;false;;;;;;false;;;;;;;;;;;;;;;;false;;;"2026-08-28 10:35";https://dl.spotteron.com/m/s/000067/2026/08/28/12g1shu8qwxa88skdg9gwoebwhof9z5o;https://dl.spotteron.com/m/s/000067/2026/08/28/n0insn4qijlvgfwk5oh7xnoors6qpmgn
1337633;1337633;enabled;0;0;0;0;-26.281116;28.014277;"2026-08-28 08:34";;133359;runner;"on the move";true;"urbanbetter hub activity";;;https://www.spotteron.com/api/v2/gallery/2270581;;https://dl.spotteron.com/m/s/000067/2026/08/28/epjki16wsxhphwdkmx0hhyga4qfxipc7;"waste management, food / cooking";positive_features_spots_filter;;;;;;;;;;;;;;;;;;;;;;;;;;;;;;;;;;;;;;;;;;;;;;;false;;;;;;false;;;;;;;;;;;;;;;;false;;;"2026-08-28 10:32";https://dl.spotteron.com/m/s/000067/2026/08/28/epjki16wsxhphwdkmx0hhyga4qfxipc7;https://dl.spotteron.com/m/s/000067/2026/08/28/5tf3bjcos0sbjgyvzr78yysmvypl1ltk;https://dl.spotteron.com/m/s/000067/2026/08/28/5907gw0owtktk9ssnh5oge9voj7b7m9q;https://dl.spotteron.com/m/s/000067/2026/08/28/iol7pmms09udou05cpysvrwikmh0n1qx
1337628;1337628;enabled;0;0;0;0;-26.291289;28.012759;"2026-08-28 08:31";;133359;runner;"on the move";true;"urbanbetter hub activity";;;https://www.spotteron.com/api/v2/gallery/2270576;;https://dl.spotteron.com/m/s/000067/2026/08/28/tieqlkh40xrr3azm5xhluypld0jv8m00;;;;;;;"Construction / Dust, Waste management";negative_features_spots_filter;"Air feels / looks polluted, Noise";;;;;;;;;;;;;;;;;;;;;;;;;;;;;;;;;;;;;;;;false;;;;;;false;;;;;;;;;;;;;;;;false;;;"2026-08-28 10:30";https://dl.spotteron.com/m/s/000067/2026/08/28/tieqlkh40xrr3azm5xhluypld0jv8m00;https://dl.spotteron.com/m/s/000067/2026/08/28/8ic0s139hot5gscamwtg0xqx7uzdfou6;https://dl.spotteron.com/m/s/000067/2026/08/28/vkaa3klii3yyatyvbng6vl1q4xln87kv
1337624;1337624;enabled;0;0;0;0;-26.291289;28.012759;"2026-08-28 08:26";;133359;runner;"on the move";true;"urbanbetter hub activity";;;https://www.spotteron.com/api/v2/gallery/2270572;;https://dl.spotteron.com/m/s/000067/2026/08/28/2e8788zsgtb91tavvzu70e7wjsjzp9pm;;;;;;;"Construction / Dust, Waste management, Other";negative_features_spots_filter;"Open burning of waste / biomass, Bad smells, Air feels / looks polluted, Improper waste disposal";;;;;;;;;;;;;;;;;;;;;;;;;;;;;;;;;;;;;;;;false;;;;;;false;;;;;;;;;;;;;;;;false;;;"2026-08-28 10:25";https://dl.spotteron.com/m/s/000067/2026/08/28/2e8788zsgtb91tavvzu70e7wjsjzp9pm;https://dl.spotteron.com/m/s/000067/2026/08/28/8s8k8p5rgnb9bzdphaws5lvhny5jax0v;https://dl.spotteron.com/m/s/000067/2026/08/28/2tn067hu02y6ycgec4b9h3ui53wn7xyu;https://dl.spotteron.com/m/s/000067/2026/08/28/u9w42d6mg01hj4y8orjxuk34ew9sypzj
1337623;1337623;enabled;0;0;0;0;-26.255383;28.008819;"2026-08-28 08:25";;133359;runner;"on the move";true;"urbanbetter hub activity";;;https://www.spotteron.com/api/v2/gallery/2270571;;https://dl.spotteron.com/m/s/000067/2026/08/28/a5aygy0yyt6eucdvbxm3wzm3djuuh8fm;"activity infrastructure";positive_features_spots_filter;;;;;Other;negative_features_spots_filter;;;;;;;;;;;;;;;;;;;;;;;;;;;;;;;;;;;;;;;;;false;;;;;;false;;;;;;;;;;;;;;;;false;;;"2026-08-28 10:24";https://dl.spotteron.com/m/s/000067/2026/08/28/a5aygy0yyt6eucdvbxm3wzm3djuuh8fm;https://dl.spotteron.com/m/s/000067/2026/08/28/r93ttu7tbse1mm7r4223ute9onn6y6qs;https://dl.spotteron.com/m/s/000067/2026/08/28/ese92wrrcnpnwyf9zjm2crl25ipnyg6b
1337615;1337615;enabled;0;0;0;0;-26.255383;28.008819;"2026-08-28 08:23";;133359;runner;"on the move";true;"urbanbetter hub activity";;;https://www.spotteron.com/api/v2/gallery/2270563;;https://dl.spotteron.com/m/s/000067/2026/08/28/416g0rznknccy5oo70xp7vy67ay0baqe;"activity infrastructure, foliage / vegetation";positive_features_spots_filter;;;;;"Waste management";negative_features_spots_filter;;;;;;;;;;;;;;;;;;;;;;;;;;;;;;;;;;;;;;;;;false;;;;;;false;;;;;;;;;;;;;;;;false;;;"2026-08-28 10:22";https://dl.spotteron.com/m/s/000067/2026/08/28/416g0rznknccy5oo70xp7vy67ay0baqe;https://dl.spotteron.com/m/s/000067/2026/08/28/m92dzqmk0u3zfxf1knr764emio7cde2m;https://dl.spotteron.com/m/s/000067/2026/08/28/4t0emlyz9hsnbv9iyaobpb9vxdx9dzho
1337626;1337626;enabled;0;0;0;0;-26.107071;28.102505;"2026-08-28 08:28";;123778;runner;"on the move";true;"urbanbetter hub activity";;;https://www.spotteron.com/api/v2/gallery/2270574;;https://dl.spotteron.com/m/s/000067/2026/08/28/tyzaq2g298gyvmtwwchuggu3wpooq0ru;;;;;;;"Traffic, Construction / Dust";negative_features_spots_filter;"Heat discomfort";;;;;;;;;;;;;;;;;;;;;;;;;;;;;;;;;;;;;;;;false;;;;;;false;;;;;;;;;;;;;;;;false;;;"2026-08-28 10:22";https://dl.spotteron.com/m/s/000067/2026/08/28/tyzaq2g298gyvmtwwchuggu3wpooq0ru
1337612;1337612;enabled;0;0;0;0;-26.251302;28.008253;"2026-08-28 08:22";;133359;runner;"on the move";true;"urbanbetter hub activity";;;https://www.spotteron.com/api/v2/gallery/2270560;;https://dl.spotteron.com/m/s/000067/2026/08/28/23va1nfq76r98bpf4idjmutzv40lg2s2;"waste management";positive_features_spots_filter;;;;;"Construction / Dust";negative_features_spots_filter;;;;;;;;;;;;;;;;;;;;;;;;;;;;;;;;;;;;;;;;;false;;;;;;false;;;;;;;;;;;;;;;;false;;;"2026-08-28 10:19";https://dl.spotteron.com/m/s/000067/2026/08/28/23va1nfq76r98bpf4idjmutzv40lg2s2;https://dl.spotteron.com/m/s/000067/2026/08/28/0e22pq3z6twxn5gm780wcmlukwc0pcmb;https://dl.spotteron.com/m/s/000067/2026/08/28/4qmfdeszkfwpg3lvlphm5x54trol9d45;https://dl.spotteron.com/m/s/000067/2026/08/28/vpfjib4hpmp8d9xzipau3d5j9rh88weg
1337609;1337609;enabled;0;0;0;0;-26.106554;28.104606;"2026-08-28 08:21";;123778;runner;"on the move";true;"urbanbetter hub activity";;;https://www.spotteron.com/api/v2/gallery/2270557;;https://dl.spotteron.com/m/s/000067/2026/08/28/o34figlpjre7kfbdekooxsup84uxqwkh;;;;;;;"Food / Cooking";negative_features_spots_filter;"Unhealthy streetside food";;;;;;;;;;;;;;;;;;;;;;;;;;;;;;;;;;;;;;;;false;;;;;;false;;;;;;;;;;;;;;;;false;;;"2026-08-28 10:18";https://dl.spotteron.com/m/s/000067/2026/08/28/o34figlpjre7kfbdekooxsup84uxqwkh
1337604;1337604;enabled;0;0;0;0;-26.251302;28.008253;"2026-08-28 08:17";;133359;runner;"on the move";true;"urbanbetter hub activity";;;https://www.spotteron.com/api/v2/gallery/2270552;;https://dl.spotteron.com/m/s/000067/2026/08/28/tkvipnf2q81kqfcnsw07mhjmkqgcnr4d;"activity infrastructure";positive_features_spots_filter;;;;;;;;;;;;;;;;;;;;;;;;;;;;;;;;;;;;;;;;;;;;;;;false;;;;;;false;;;;;;;;;;;;;;;;false;;;"2026-08-28 10:16";https://dl.spotteron.com/m/s/000067/2026/08/28/tkvipnf2q81kqfcnsw07mhjmkqgcnr4d;https://dl.spotteron.com/m/s/000067/2026/08/28/tvqvs0m115te9rx8jwjrmu7uamdim9bq
1337600;1337600;enabled;0;0;0;0;-26.251302;28.008253;"2026-08-28 08:16";;133359;runner;"on the move";true;"urbanbetter hub activity";;;https://www.spotteron.com/api/v2/gallery/2270548;;https://dl.spotteron.com/m/s/000067/2026/08/28/ubonzsbt9tzq5cgbgr07rnetebeqh5cn;;;;;;;"Built hazards, Construction / Dust";negative_features_spots_filter;;;;;;;;;;;;;;;;;;;;;;;;;;;;;;;;;;;;;;;;;false;;;;;;false;;;;;;;;;;;;;;;;false;;;"2026-08-28 10:16";https://dl.spotteron.com/m/s/000067/2026/08/28/ubonzsbt9tzq5cgbgr07rnetebeqh5cn
1337599;1337599;enabled;0;0;0;0;-26.106373;28.105571;"2026-08-28 08:16";;123778;runner;"on the move";true;"urbanbetter hub activity";;;https://www.spotteron.com/api/v2/gallery/2270547;;https://dl.spotteron.com/m/s/000067/2026/08/28/nvlo3mfxdlh2sxo8bm9drj8mn20yl52y;;;;;;;"Food / Cooking";negative_features_spots_filter;"Unhealthy streetside food, Air feels / looks polluted, Open burning of waste / biomass";;;;;;;;;;;;;;;;;;;;;;;;;;;;;;;;;;;;;;;;false;;;;;;false;;;;;;;;;;;;;;;;false;;;"2026-08-28 10:16";https://dl.spotteron.com/m/s/000067/2026/08/28/nvlo3mfxdlh2sxo8bm9drj8mn20yl52y
1337596;1337596;enabled;0;0;0;0;-26.240251;28.005947;"2026-08-28 08:15";;133359;runner;"on the move";true;"urbanbetter hub activity";;;https://www.spotteron.com/api/v2/gallery/2270544;;https://dl.spotteron.com/m/s/000067/2026/08/28/id5hvpwzx6wv4qagbsuscv5pwrhojjjn;"waste management";positive_features_spots_filter;;;;;;;;;;;;;;;;;;;;;;;;;;;;;;;;;;;;;;;;;;;;;;;false;;;;;;false;;;;;;;;;;;;;;;;false;;;"2026-08-28 10:12";https://dl.spotteron.com/m/s/000067/2026/08/28/id5hvpwzx6wv4qagbsuscv5pwrhojjjn
1337601;1337601;enabled;0;0;0;0;-26.117266;28.109394;"2026-08-28 08:16";;133261;runner;"on the move";true;"urbanbetter hub activity";;;https://www.spotteron.com/api/v2/gallery/2270549;;https://dl.spotteron.com/m/s/000067/2026/08/28/ga97xg1o3cnb1ep6lpffvmopje9elg1x;;;;;;;Other;negative_features_spots_filter;;"Open flame";;;;;;;;;;;;;;;;;;;;;;;;;;;;;;;;;;;;;;;false;;;;;;false;;;;;;;;;;;;;;;;false;;;"2026-08-28 10:11";https://dl.spotteron.com/m/s/000067/2026/08/28/ga97xg1o3cnb1ep6lpffvmopje9elg1x
1337593;1337593;enabled;0;0;0;0;-26.105651;28.10808;"2026-08-28 08:12";;123778;runner;"on the move";true;"urbanbetter hub activity";;;https://www.spotteron.com/api/v2/gallery/2270541;;https://dl.spotteron.com/m/s/000067/2026/08/28/qny0v1a329ka0n90317usdkfwmp18hh2;;;;;;;"Built hazards";negative_features_spots_filter;"Obstacles / obstruction in path, Holes";;;;;;;;;;;;;;;;;;;;;;;;;;;;;;;;;;;;;;;;false;;;;;;false;;;;;;;;;;;;;;;;false;;;"2026-08-28 10:11";https://dl.spotteron.com/m/s/000067/2026/08/28/qny0v1a329ka0n90317usdkfwmp18hh2;https://dl.spotteron.com/m/s/000067/2026/08/28/jx3kbpcauc2vu20x0wirq4kjktjkupls
1337592;1337592;enabled;0;0;0;0;-26.106807;28.110673;"2026-08-28 08:11";;123778;runner;"on the move";true;"urbanbetter hub activity";;;https://www.spotteron.com/api/v2/gallery/2270540;;https://dl.spotteron.com/m/s/000067/2026/08/28/skqawjosf90k5vb7ytbz0atg9yymh626;"water body, green open spaces";positive_features_spots_filter;;"Pleasant view, Cooling breeze";;;;;;;;;;;;;;;;;;;;;;;;;;;;;;;;;;;;;;;;;;;;;false;;;;;;false;;;;;;;;;;;;;;;;false;;;"2026-08-28 10:09";https://dl.spotteron.com/m/s/000067/2026/08/28/skqawjosf90k5vb7ytbz0atg9yymh626;https://dl.spotteron.com/m/s/000067/2026/08/28/fl0qpwmktrq41p6s9zmcql3d9vqa0ebu;https://dl.spotteron.com/m/s/000067/2026/08/28/8d02lotkhe9jez2piwpnu1vc4ogd1dq5
1337594;1337594;enabled;0;0;0;0;-26.24091;28.005725;"2026-08-28 08:12";;133359;runner;"on the move";true;"urbanbetter hub activity";;;https://www.spotteron.com/api/v2/gallery/2270542;;https://dl.spotteron.com/m/s/000067/2026/08/28/3uiajfdweu4q1z28q2ipb0dwj6jv3w4i;;;;;;;"Built hazards, Construction / Dust, Traffic";negative_features_spots_filter;;;;;;;;;;;;;;;;;;;;;;;;;;;;;;;;;;;;;;;;;false;;;;;;false;;;;;;;;;;;;;;;;false;;;"2026-08-28 10:09";https://dl.spotteron.com/m/s/000067/2026/08/28/3uiajfdweu4q1z28q2ipb0dwj6jv3w4i;https://dl.spotteron.com/m/s/000067/2026/08/28/2kuzx90rwf3ryd61fdha9lr0iwq8yn58;https://dl.spotteron.com/m/s/000067/2026/08/28/cer5zrxe982wlsgmj4sb1y9r5eho4ctz
1337590;1337590;enabled;0;0;0;0;-26.106807;28.110673;"2026-08-28 08:09";;123778;runner;"on the move";true;"urbanbetter hub activity";;;https://www.spotteron.com/api/v2/gallery/2270538;;https://dl.spotteron.com/m/s/000067/2026/08/28/90iwerqhdml6h0fxc7xfhkry9uo52ros;;;;;;;;;;;;;;;;;;;;;;;;;;;;;;;;;;;;;;;;;;;;;;;;;false;;;;;;false;;;;;;;;;;;;;;;;false;;;"2026-08-28 10:07";https://dl.spotteron.com/m/s/000067/2026/08/28/90iwerqhdml6h0fxc7xfhkry9uo52ros;https://dl.spotteron.com/m/s/000067/2026/08/28/3qeaagnx7l3dymqskk48nph9whe27vla
1337591;1337591;enabled;0;0;0;0;-26.117266;28.109394;"2026-08-28 08:11";;133261;runner;"on the move";true;"urbanbetter hub activity";;;https://www.spotteron.com/api/v2/gallery/2270539;;https://dl.spotteron.com/m/s/000067/2026/08/28/0vnitb0uxvopee6yhu4utwrmh2et55fl;;;;;;;"Natural hazards";negative_features_spots_filter;"Other negative aspects";;;;;;;;;;;;;;;;;;;;;;;;;;;;;;;;;;;;;;;;false;;;;;;false;;;;;;;;;;;;;;;;false;;"The water is usually clear but dumping of chemicals changes the water colod";"2026-08-28 10:07";https://dl.spotteron.com/m/s/000067/2026/08/28/0vnitb0uxvopee6yhu4utwrmh2et55fl
1337589;1337589;enabled;0;0;0;0;-26.24091;28.005725;"2026-08-28 08:09";;133359;runner;"on the move";true;"urbanbetter hub activity";;;https://www.spotteron.com/api/v2/gallery/2270537;;https://dl.spotteron.com/m/s/000067/2026/08/28/2k4unuwof3mbfj48ehgek7ptl3dzk12w;"open spaces, water body, street trees, foliage / vegetation, forest / park";positive_features_spots_filter;;;;;"Waste management, Traffic";negative_features_spots_filter;;;;;;;;;;;;;;;;;;;;;;;;;;;;;;;;;;;;;;;;;false;;;;;;false;;;;;;;;;;;;;;;;false;;;"2026-08-28 10:06";https://dl.spotteron.com/m/s/000067/2026/08/28/2k4unuwof3mbfj48ehgek7ptl3dzk12w;https://dl.spotteron.com/m/s/000067/2026/08/28/v5j2osqnr1vxc8x6xl45byxdlqgvhtdm;https://dl.spotteron.com/m/s/000067/2026/08/28/htcyeob2vqljbfd4zftk0wf1byrudsse;https://dl.spotteron.com/m/s/000067/2026/08/28/6i4zquosv2p6z9rrjgbxtn9e9mgdxlp3;https://dl.spotteron.com/m/s/000067/2026/08/28/v46dn5k7eq0rt36angrvhrw11mlr26l7;https://dl.spotteron.com/m/s/000067/2026/08/28/xug6m0x7p1i2avhokcah6cwxhtwmm50m
1337586;1337586;enabled;0;0;0;0;-26.24091;28.005725;"2026-08-28 08:06";;133359;runner;"on the move";true;"urbanbetter hub activity";;;https://www.spotteron.com/api/v2/gallery/2270534;;https://dl.spotteron.com/m/s/000067/2026/08/28/qd6o7ys53ac4gyuqist9df4i4kc3l8b1;"activity infrastructure";positive_features_spots_filter;;;;;;;;;;;;;;;;;;;;;;;;;;;;;;;;;;;;;;;;;;;;;;;false;;;;;;false;;;;;;;;;;;;;;;;false;;;"2026-08-28 10:05";https://dl.spotteron.com/m/s/000067/2026/08/28/qd6o7ys53ac4gyuqist9df4i4kc3l8b1;https://dl.spotteron.com/m/s/000067/2026/08/28/ohrpn29aoqomiardeetqe9fuqjgktwgf;https://dl.spotteron.com/m/s/000067/2026/08/28/tdc0usojnwyagf3p3ttv3ecslzbxzi6z
1337587;1337587;enabled;0;0;0;0;-26.106807;28.110673;"2026-08-28 08:06";;123778;runner;"on the move";true;"urbanbetter hub activity";;;https://www.spotteron.com/api/v2/gallery/2270535;;https://dl.spotteron.com/m/s/000067/2026/08/28/kmuzxz1f75yp6xj0qq8i2gdmxjtgsmgx;;;;;;;"Built hazards, Other";negative_features_spots_filter;"Obstacles / obstruction in path";;;;;;;;;;;;;;;;;;;;;;;;;;;;;;;;;;;;;;;;false;;;;;;false;;;;;;;;;;;;;;;;false;;;"2026-08-28 10:04";https://dl.spotteron.com/m/s/000067/2026/08/28/kmuzxz1f75yp6xj0qq8i2gdmxjtgsmgx;https://dl.spotteron.com/m/s/000067/2026/08/28/08son9l0zwakin1jhe4r1x8dl8asyb4x
1337585;1337585;enabled;0;0;0;0;-26.24091;28.005725;"2026-08-28 08:05";;133359;runner;"on the move";true;"urbanbetter hub activity";;;https://www.spotteron.com/api/v2/gallery/2270533;;https://dl.spotteron.com/m/s/000067/2026/08/28/zarvltzbbu2ook3367gvwxa7iq5mduqj;;;;;;;"Waste management, Construction / Dust";negative_features_spots_filter;;;;;;;;;;;;;;;;;;;;;;;;;;;;;;;;;;;;;;;;;false;;;;;;false;;;;;;;;;;;;;;;;false;;;"2026-08-28 10:04";https://dl.spotteron.com/m/s/000067/2026/08/28/zarvltzbbu2ook3367gvwxa7iq5mduqj;https://dl.spotteron.com/m/s/000067/2026/08/28/yps44gp2de266j26d9da96wzh4oy7wpx;https://dl.spotteron.com/m/s/000067/2026/08/28/bjwmmabdqs099r14os72mijwaw14yrqu
1337583;1337583;enabled;0;0;0;0;-26.106807;28.110673;"2026-08-28 08:03";;123778;runner;"on the move";true;"urbanbetter hub activity";;;https://www.spotteron.com/api/v2/gallery/2270531;;https://dl.spotteron.com/m/s/000067/2026/08/28/edr28zuwgy9ngrwmddphwh8opdq84itg;;;;;;;"Waste management, Construction / Dust";negative_features_spots_filter;"Bad smells, Improper waste disposal";;;;;;;;;;;;;;;;;;;;;;;;;;;;;;;;;;;;;;;;false;;;;;;false;;;;;;;;;;;;;;;;false;;;"2026-08-28 10:03";https://dl.spotteron.com/m/s/000067/2026/08/28/edr28zuwgy9ngrwmddphwh8opdq84itg
1337584;1337584;enabled;0;0;0;0;-26.211615;27.999586;"2026-08-28 08:03";;133359;runner;"on the move";true;"urbanbetter hub activity";;;https://www.spotteron.com/api/v2/gallery/2270532;;https://dl.spotteron.com/m/s/000067/2026/08/28/onuti5mh4syk2e0rv9v9o2lx8olg24na;"traffic control / restriction, street trees, foliage / vegetation";positive_features_spots_filter;;;;;"Waste management, Traffic, Construction / Dust";negative_features_spots_filter;;;;;;;;;;;;;;;;;;;;;;;;;;;;;;;;;;;;;;;;;false;;;;;;false;;;;;;;;;;;;;;;;false;;;"2026-08-28 10:02";https://dl.spotteron.com/m/s/000067/2026/08/28/onuti5mh4syk2e0rv9v9o2lx8olg24na;https://dl.spotteron.com/m/s/000067/2026/08/28/rd9wpehzuv9amyy3c1p0ry8n24tq6i91;https://dl.spotteron.com/m/s/000067/2026/08/28/5v0jczm6kbu0qzmrhhmlmuda4rfmooii
1337582;1337582;enabled;0;0;0;0;-26.190437;27.997414;"2026-08-28 08:01";;133359;runner;"on the move";true;"urbanbetter hub activity";;;https://www.spotteron.com/api/v2/gallery/2270530;;https://dl.spotteron.com/m/s/000067/2026/08/28/ncrcs0hermyaabjvordmcxo2xua8v5ob;other;positive_features_spots_filter;;;"Air Quality station";;"Waste management";negative_features_spots_filter;;;;;;;;;;;;;;;;;;;;;;;;;;;;;;;;;;;;;;;;;false;;;;;;false;;;;;;;;;;;;;;;;false;;;"2026-08-28 10:00";https://dl.spotteron.com/m/s/000067/2026/08/28/ncrcs0hermyaabjvordmcxo2xua8v5ob
1337580;1337580;enabled;0;0;0;0;-26.190437;27.997414;"2026-08-28 07:58";;133359;runner;"on the move";true;"urbanbetter hub activity";;;https://www.spotteron.com/api/v2/gallery/2270528;;https://dl.spotteron.com/m/s/000067/2026/08/28/wzaz5g0bob7hy5gnf389hpq89ps8z352;"open spaces, foliage / vegetation, street trees";positive_features_spots_filter;;;;;"Waste management, Construction / Dust";negative_features_spots_filter;;;;;;;;;;;;;;;;;;;;;;;;;;;;;;;;;;;;;;;;;false;;;;;;false;;;;;;;;;;;;;;;;false;;;"2026-08-28 09:56";https://dl.spotteron.com/m/s/000067/2026/08/28/wzaz5g0bob7hy5gnf389hpq89ps8z352;https://dl.spotteron.com/m/s/000067/2026/08/28/r5b9tyxkgw90fzxgp7xv6dsnqn7rwryf;https://dl.spotteron.com/m/s/000067/2026/08/28/qlz54ohy0ehearrmc3n7ybi043wqory8;https://dl.spotteron.com/m/s/000067/2026/08/28/umsrx8yz5qf8mamlt6ktsbcn8hmdodur
1337579;1337579;enabled;0;0;0;0;-26.117266;28.109394;"2026-08-28 07:57";;133261;runner;"on the move";true;"urbanbetter hub activity";;;https://www.spotteron.com/api/v2/gallery/2270527;;https://dl.spotteron.com/m/s/000067/2026/08/28/djzl89p8n93uzxuwg0bjksikgqgvq4pr;;;;;;;"Waste management";negative_features_spots_filter;"Improper waste disposal, Bad smells";;;;;;;;;;;;;;;;;;;;;;;;;;;;;;;;;;;;;;;;false;;;;;;false;;;;;;;;;;;;;;;;false;;;"2026-08-28 09:56";https://dl.spotteron.com/m/s/000067/2026/08/28/djzl89p8n93uzxuwg0bjksikgqgvq4pr
1337578;1337578;enabled;0;0;0;0;-26.190437;27.997414;"2026-08-28 07:55";;133359;runner;"on the move";true;"urbanbetter hub activity";;;https://www.spotteron.com/api/v2/gallery/2270526;;https://dl.spotteron.com/m/s/000067/2026/08/28/mlks8h2srnokupt5s1tqb31gd3iwuwqi;"activity infrastructure, foliage / vegetation, street trees, aesthetics";positive_features_spots_filter;;;;;;;;;;;;;;;;;;;;;;;;;;;;;;;;;;;;;;;;;;;;;;;false;;;;;;false;;;;;;;;;;;;;;;;false;;;"2026-08-28 09:54";https://dl.spotteron.com/m/s/000067/2026/08/28/mlks8h2srnokupt5s1tqb31gd3iwuwqi;https://dl.spotteron.com/m/s/000067/2026/08/28/f5id89jpmix83i5qx0vnx1y9knofnngn
1337575;1337575;enabled;0;0;0;0;-26.108108;28.110525;"2026-08-28 07:51";;101177;runner;"on the move";true;"urbanbetter hub activity";;;https://www.spotteron.com/api/v2/gallery/2270523;;https://dl.spotteron.com/m/s/000067/2026/08/28/3d72dtp50mtaha6rssf50o4g22cpy6dn;;;;;;;"Other, Built hazards";negative_features_spots_filter;"Other negative aspects";;;;;;;;;;;;;;;;;;;;;;;;;;;;;;;;;;;;;;;;false;;;;;;false;;;;;;;;;;;;;;;;false;;;"2026-08-28 09:49";https://dl.spotteron.com/m/s/000067/2026/08/28/3d72dtp50mtaha6rssf50o4g22cpy6dn
1337577;1337577;enabled;0;0;0;0;-26.190437;27.997414;"2026-08-28 07:51";;133359;runner;"on the move";true;"urbanbetter hub activity";;;https://www.spotteron.com/api/v2/gallery/2270525;;https://dl.spotteron.com/m/s/000067/2026/08/28/3io9csi19c6kf7ufdh4j7dk3mnr9dn7d;"waste management, street trees, foliage / vegetation, aesthetics";positive_features_spots_filter;;;;;Traffic;negative_features_spots_filter;;;;;;;;;;;;;;;;;;;;;;;;;;;;;;;;;;;;;;;;;false;;;;;;false;;;;;;;;;;;;;;;;false;;;"2026-08-28 09:49";https://dl.spotteron.com/m/s/000067/2026/08/28/3io9csi19c6kf7ufdh4j7dk3mnr9dn7d
1337574;1337574;enabled;0;0;0;0;-26.186201;27.990011;"2026-08-28 07:49";;133359;runner;"on the move";true;"urbanbetter hub activity";;;https://www.spotteron.com/api/v2/gallery/2270522;;https://dl.spotteron.com/m/s/000067/2026/08/28/1u4fhvh9r01susyaiw40ax8own6wy1px;"waste management";positive_features_spots_filter;;;;;Traffic;negative_features_spots_filter;;;;;;;;;;;;;;;;;;;;;;;;;;;;;;;;;;;;;;;;;false;;;;;;false;;;;;;;;;;;;;;;;false;;;"2026-08-28 09:47";https://dl.spotteron.com/m/s/000067/2026/08/28/1u4fhvh9r01susyaiw40ax8own6wy1px
1337566;1337566;enabled;0;0;0;0;-26.108108;28.109991;"2026-08-28 07:41";;101177;runner;"on the move";true;"urbanbetter hub activity";;;https://www.spotteron.com/api/v2/gallery/2270515;;https://dl.spotteron.com/m/s/000067/2026/08/28/mbppsswsox4iptt0gm41g677jf6nthpf;;;;;;;"Waste management, Aesthetics";negative_features_spots_filter;"Other negative aspects, Bad smells, Improper waste disposal";;;;;;;;;;;;;;;;;;;;;;;;;;;;;;;;;;;;;;;;false;;;;;;false;;;;;;;;;;;;;;;;false;;;"2026-08-28 09:40";https://dl.spotteron.com/m/s/000067/2026/08/28/mbppsswsox4iptt0gm41g677jf6nthpf;https://dl.spotteron.com/m/s/000067/2026/08/28/qzjfvx5884ddy3o7pouz2ah3pulwkan2
1337565;1337565;enabled;0;0;0;0;-26.108108;28.109991;"2026-08-28 07:39";;101177;runner;"on the move";false;"urbanbetter hub activity";;;https://www.spotteron.com/api/v2/gallery/2270514;;https://dl.spotteron.com/m/s/000067/2026/08/28/p862tqnzf8v8sn3dglw61qzqzusnpnpu;;;;;;;"Waste management";negative_features_spots_filter;"Bad smells, Improper waste disposal";;;;;;;;;;;;;;;;;;;;;;;;;;;;;;;;;;;;;;;;false;;;;;;false;;;;;;;;;;;;;;;;false;;;"2026-08-28 09:38";https://dl.spotteron.com/m/s/000067/2026/08/28/p862tqnzf8v8sn3dglw61qzqzusnpnpu
1337567;1337567;enabled;0;0;0;0;-26.227675;27.994314;"2026-08-28 07:42";;133359;runner;"on the move";true;"urbanbetter hub activity";;;https://www.spotteron.com/api/v2/gallery/2270516;;https://dl.spotteron.com/m/s/000067/2026/08/28/dz9sv67d90n9yzc3yf5tcu26d4w7y48f;"waste management, green open spaces, street trees, foliage / vegetation, water body";positive_features_spots_filter;;;;;"Waste management, Traffic, Construction / Dust";negative_features_spots_filter;"Air feels / looks polluted, Improper waste disposal, Noise, Open burning of waste / biomass, Bad smells";;;;;;;;;;;;;;;;;;;;;;;;;;;;;;;;;;;;;;;;false;;;;;;false;;;;;;;;;;;;;;;;false;;;"2026-08-28 09:37";https://dl.spotteron.com/m/s/000067/2026/08/28/dz9sv67d90n9yzc3yf5tcu26d4w7y48f;https://dl.spotteron.com/m/s/000067/2026/08/28/ls4cnjsefkayzxqzwxm7uztdrkts0g4w;https://dl.spotteron.com/m/s/000067/2026/08/28/d5slilcs76cqn2fjplyx5mmaa05uk847;https://dl.spotteron.com/m/s/000067/2026/08/28/p3cz9rbn9xijh3ywky1v7hf1niylk4st;https://dl.spotteron.com/m/s/000067/2026/08/28/2gad7uh9cov9oypm0m6d3x6phfvo7d40
1337564;1337564;enabled;0;0;0;0;-26.125861;28.123244;"2026-08-28 07:38";;133261;runner;"on the move";true;"urbanbetter hub activity";;;https://www.spotteron.com/api/v2/gallery/2270513;;https://dl.spotteron.com/m/s/000067/2026/08/28/f6s1qj9fvg9zzd5zxnpw3ajzcwk29oer;;;;;;;"Waste management";negative_features_spots_filter;"Bad smells, Improper waste disposal";;;;;;;;;;;;;;;;;;;;;;;;;;;;;;;;;;;;;;;;false;;;;;;false;;;;;;;;;;;;;;;;false;;"Dirty water";"2026-08-28 09:36";https://dl.spotteron.com/m/s/000067/2026/08/28/f6s1qj9fvg9zzd5zxnpw3ajzcwk29oer
1337562;1337562;enabled;0;0;0;0;16.47;18.02;"2026-08-28 07:38";;133397;runner;"on the move";true;"urbanbetter hub activity";;;https://www.spotteron.com/api/v2/gallery/2270511;;https://dl.spotteron.com/m/s/000067/2026/08/28/qv5ifp495a3a9h6rcz45xz0l1idsu2w5;;;;;;;;;;;;;;;;;;;;;;;;;;;;;;;;;;;;;;;;;;;;;;;;;false;;;;;;false;;;;;;;;;;;;;;;;false;;;"2026-08-28 09:35";https://dl.spotteron.com/m/s/000067/2026/08/28/qv5ifp495a3a9h6rcz45xz0l1idsu2w5;https://dl.spotteron.com/m/s/000067/2026/08/28/ianalkeshjr7kll9rzwfwj9v6bddn32c
1337558;1337558;enabled;0;0;0;0;16.47;18.02;"2026-08-28 07:35";;133397;runner;"on the move";true;"urbanbetter hub activity";;;;;;;;;;;;;;;;;;;;;;;;;;;;;;;;;;;;;;;;;;;;;;;;;;;;;;false;;;;;;false;;;;;;;;;;;;;;;;false;;;"2026-08-28 09:35"
1337560;1337560;enabled;0;0;0;0;-26.099553;28.109518;"2026-08-28 07:36";;123778;runner;"on the move";true;"urbanbetter hub activity";;;https://www.spotteron.com/api/v2/gallery/2270509;;https://dl.spotteron.com/m/s/000067/2026/08/28/t7sgwkeaj07j8m7lq5tgtj2gj0hqdfzb;;;;;;;"Waste management, Construction / Dust";negative_features_spots_filter;"Bad smells, Improper waste disposal, Air feels / looks polluted, Noise";;;;;;;;;;;;;;;;;;;;;;;;;;;;;;;;;;;;;;;;false;;;;;;false;;;;;;;;;;;;;;;;false;;;"2026-08-28 09:32";https://dl.spotteron.com/m/s/000067/2026/08/28/t7sgwkeaj07j8m7lq5tgtj2gj0hqdfzb;https://dl.spotteron.com/m/s/000067/2026/08/28/19q23554xtsbkx54t7dy8kutkf2c4643
1337540;1337540;enabled;0;0;0;0;-26.230227;27.968091;"2026-08-28 06:48";;133359;runner;"on the move";true;"urbanbetter hub activity";;;https://www.spotteron.com/api/v2/gallery/2270491;;https://dl.spotteron.com/m/s/000067/2026/08/28/hanprlma2yapq6bmllkyq4mbd6d94t0l;"activity infrastructure, open spaces, green open spaces, street trees, foliage / vegetation";positive_features_spots_filter;;"Cooling breeze, Safe for physical activity, Inclusive (age/disability), Physical barrier from traffic";;;;;;;;;;;;;;;;;;;;;;;;;;;;;;;;;;;;;;;;;;;;;false;;;;;;false;;;;;;;;;;;;;;;;false;;;"2026-08-28 08:42";https://dl.spotteron.com/m/s/000067/2026/08/28/hanprlma2yapq6bmllkyq4mbd6d94t0l
1337545;1337545;enabled;0;0;0;0;-26.108108;28.111602;"2026-08-28 07:05";"2026-08-28 07:12";133393;runner;"on the move";true;"urbanbetter hub activity";;;https://www.spotteron.com/api/v2/gallery/2270499;;https://dl.spotteron.com/m/s/000067/2026/08/28/2e3yafeijd0a0osr5b36gdic3eo04ywp;"activity infrastructure, waste management, street trees, green open spaces, open spaces, forest / park, food / cooking";positive_features_spots_filter;;"Cooling breeze, Safe for physical activity, Equipment for recreational activity (exercise/play, Inclusive (age/disability), Safe pedestrian crossing";;;"Waste management, Construction / Dust, Food / Cooking";negative_features_spots_filter;"Open burning of waste / biomass, Air feels / looks polluted, Improper waste disposal, Unhealthy food advertising, Unhealthy streetside food";;;;;;;;;;;;;;;;;;;;;;;;;;;;;;;;;;;;;;;;false;;;;;;false;;;;;;;;;;;;;;;;false;55004;;"2026-08-27 14:48";https://dl.spotteron.com/m/s/000067/2026/08/28/2e3yafeijd0a0osr5b36gdic3eo04ywp
1337650;1337650;enabled;0;0;0;0;-26.108108;28.091536;"2026-08-28 08:49";;133399;runner;"on the move";true;"urbanbetter hub activity";;;https://www.spotteron.com/api/v2/gallery/2270598;;https://dl.spotteron.com/m/s/000067/2026/08/28/9ngcktwvuvrcrmnq7xd8osgprvf9v842;"activity infrastructure";positive_features_spots_filter;;"Other positive aspect";;;;;;;;;;;;;;;;;;;;;;;;;;;;;;;;;;;;;;;;;;;;;false;;;;;;false;;;;;;;;;;;;;;;;false;55003;;"2026-08-27 14:47";https://dl.spotteron.com/m/s/000067/2026/08/28/9ngcktwvuvrcrmnq7xd8osgprvf9v842
1337656;1337656;enabled;0;0;0;0;-26.108108;28.091536;"2026-08-28 08:53";;133399;runner;"on the move";true;"urbanbetter hub activity";;;https://www.spotteron.com/api/v2/gallery/2270604;;https://dl.spotteron.com/m/s/000067/2026/08/28/eesiiowkmuzwnvhbr3ef0dr76qfo2x9g;;;;;;;;;;;;;;;;;;;;;;;;;;;;;;;;;;;;;;;;;;;;;;;;;false;;;;;;false;;;;;;;;;;;;;;;;false;55003;;"2026-08-27 14:47";https://dl.spotteron.com/m/s/000067/2026/08/28/eesiiowkmuzwnvhbr3ef0dr76qfo2x9g
1337610;1337610;enabled;0;0;0;0;-26.081163;28.138879;"2026-08-28 08:21";;133399;runner;"on the move";true;"urbanbetter hub activity";;;https://www.spotteron.com/api/v2/gallery/2270558;;https://dl.spotteron.com/m/s/000067/2026/08/28/pn5izbxdulfux5989wiy0ffjrtuhaowm;;;;;;;"Waste management";negative_features_spots_filter;"Bad smells, Improper waste disposal";;;;;;;;;;;;;;;;;;;;;;;;;;;;;;;;;;;;;;;;false;;;;;;false;;;;;;;;;;;;;;;;false;55003;;"2026-08-27 14:47";https://dl.spotteron.com/m/s/000067/2026/08/28/pn5izbxdulfux5989wiy0ffjrtuhaowm
1337641;1337641;enabled;0;0;0;0;-26.108108;28.091536;"2026-08-28 08:45";;133399;runner;"on the move";true;"urbanbetter hub activity";;;https://www.spotteron.com/api/v2/gallery/2270589;;https://dl.spotteron.com/m/s/000067/2026/08/28/5on2ngkz2cbpje57qcbpnyz88dzqn4h8;;;;;;;"Waste management";negative_features_spots_filter;"Improper waste disposal";;;;;;;;;;;;;;;;;;;;;;;;;;;;;;;;;;;;;;;;false;;;;;;false;;;;;;;;;;;;;;;;false;55003;;"2026-08-27 14:47";https://dl.spotteron.com/m/s/000067/2026/08/28/5on2ngkz2cbpje57qcbpnyz88dzqn4h8
1337632;1337632;enabled;0;0;0;0;-26.108108;28.091536;"2026-08-28 08:34";;133399;runner;"on the move";true;"urbanbetter hub activity";;;https://www.spotteron.com/api/v2/gallery/2270580;;https://dl.spotteron.com/m/s/000067/2026/08/28/ylfaslwnjo4p8rbw4skhauugvybjn3ua;;;;;;;"Food / Cooking";negative_features_spots_filter;"Unhealthy streetside food";;;;;;;;;;;;;;;;;;;;;;;;;;;;;;;;;;;;;;;;false;;;;;;false;;;;;;;;;;;;;;;;false;55003;;"2026-08-27 14:47";https://dl.spotteron.com/m/s/000067/2026/08/28/ylfaslwnjo4p8rbw4skhauugvybjn3ua
1337625;1337625;enabled;0;0;0;0;-26.081163;28.138879;"2026-08-28 08:26";;133399;runner;"on the move";true;"urbanbetter hub activity";;;https://www.spotteron.com/api/v2/gallery/2270573;;https://dl.spotteron.com/m/s/000067/2026/08/28/9la7x22a67x49n1cjcab4t1h6hhsjy5g;;;;;;;"Waste management";negative_features_spots_filter;"Improper waste disposal";;;;;;;;;;;;;;;;;;;;;;;;;;;;;;;;;;;;;;;;false;;;;;;false;;;;;;;;;;;;;;;;false;55003;;"2026-08-27 14:47";https://dl.spotteron.com/m/s/000067/2026/08/28/9la7x22a67x49n1cjcab4t1h6hhsjy5g
1337595;1337595;enabled;0;0;0;0;-26.108108;28.091536;"2026-08-28 08:14";;133399;runner;"on the move";true;"urbanbetter hub activity";;;https://www.spotteron.com/api/v2/gallery/2270543;;https://dl.spotteron.com/m/s/000067/2026/08/28/jtr2mhqpje5ju0n7zdov3visy7nop265;;;;;;;;;;;;;;;;;;;;;;;;;;;;;;;;;;;;;;;;;;;;;;;;;false;;;;;;false;;;;;;;;;;;;;;;;false;55003;;"2026-08-27 14:47";https://dl.spotteron.com/m/s/000067/2026/08/28/jtr2mhqpje5ju0n7zdov3visy7nop265
1337597;1337597;enabled;0;0;0;0;-26.108108;28.091536;"2026-08-28 08:15";;133399;runner;"on the move";true;"urbanbetter hub activity";;;https://www.spotteron.com/api/v2/gallery/2270545;;https://dl.spotteron.com/m/s/000067/2026/08/28/j90bu9a3p29cwc9qxgav0vgewk6y8jui;;;;;;;"Waste management";negative_features_spots_filter;"Bad smells, Improper waste disposal";;;;;;;;;;;;;;;;;;;;;;;;;;;;;;;;;;;;;;;;false;;;;;;false;;;;;;;;;;;;;;;;false;55003;;"2026-08-27 14:47";https://dl.spotteron.com/m/s/000067/2026/08/28/j90bu9a3p29cwc9qxgav0vgewk6y8jui
1337622;1337622;enabled;0;0;0;0;-26.081163;28.138879;"2026-08-28 08:24";;133399;runner;"on the move";true;"urbanbetter hub activity";;;https://www.spotteron.com/api/v2/gallery/2270570;;https://dl.spotteron.com/m/s/000067/2026/08/28/0mznkad1cb01frcc1bgkuznnbyehpve2;;;;;;;Other;negative_features_spots_filter;;"Poor drainage";;;;;;;;;;;;;;;;;;;;;;;;;;;;;;;;;;;;;;;false;;;;;;false;;;;;;;;;;;;;;;;false;55003;;"2026-08-27 14:47";https://dl.spotteron.com/m/s/000067/2026/08/28/0mznkad1cb01frcc1bgkuznnbyehpve2
1337614;1337614;enabled;0;0;0;0;-26.081163;28.138879;"2026-08-28 08:23";;133399;runner;"on the move";true;"urbanbetter hub activity";;;https://www.spotteron.com/api/v2/gallery/2270562;;https://dl.spotteron.com/m/s/000067/2026/08/28/gx873ts1olizpnta3jw8m7lsqbb7tdas;other;positive_features_spots_filter;;;;;;;;;;;;;;;;;;;;;;;;;;;;;;;;;;;;;;;;;;;;;;;false;;;;;;false;;;;;;;;;;;;;;;;false;55003;;"2026-08-27 14:47";https://dl.spotteron.com/m/s/000067/2026/08/28/gx873ts1olizpnta3jw8m7lsqbb7tdas
1337602;1337602;enabled;0;0;0;0;-26.108108;28.091536;"2026-08-28 08:17";;133399;runner;"on the move";true;"urbanbetter hub activity";;;https://www.spotteron.com/api/v2/gallery/2270550;;https://dl.spotteron.com/m/s/000067/2026/08/28/fzl60f01bcuc3bmang6omjlzhi4g7avg;;;;;;;"Food / Cooking";negative_features_spots_filter;"Unhealthy streetside food";;;;;;;;;;;;;;;;;;;;;;;;;;;;;;;;;;;;;;;;false;;;;;;false;;;;;;;;;;;;;;;;false;55003;;"2026-08-27 14:47";https://dl.spotteron.com/m/s/000067/2026/08/28/fzl60f01bcuc3bmang6omjlzhi4g7avg
1337605;1337605;enabled;0;0;0;0;-26.081163;28.138879;"2026-08-28 08:18";;133399;runner;"on the move";true;"urbanbetter hub activity";;;https://www.spotteron.com/api/v2/gallery/2270553;;https://dl.spotteron.com/m/s/000067/2026/08/28/x8of0kv3up4xvmc2jub0bx3kd9s1wjzr;;;;;;;;;;;;;;;;;;;;;;;;;;;;;;;;;;;;;;;;;;;;;;;;;false;;;;;;false;;;;;;;;;;;;;;;;false;55003;;"2026-08-27 14:47";https://dl.spotteron.com/m/s/000067/2026/08/28/x8of0kv3up4xvmc2jub0bx3kd9s1wjzr